"","x"
"1","abandono"
"2","abatir"
"3","abierto"
"4","abierta"
"5","abismo"
"6","abrazar"
"7","abrazo"
"8","abroncar"
"9","abuso"
"10","acariciar"
"11","acatar"
"12","aceptación"
"13","acera"
"14","aclamar"
"15","acné"
"16","acogedor"
"17","acogedora"
"18","acosar"
"19","actuar"
"20","acuarela"
"21","acuático"
"22","acuática"
"23","acuchillar"
"24","acusar"
"25","admirar"
"26","adulterado"
"27","adulterio"
"28","advertir"
"29","afamado"
"30","afectuoso"
"31","afición"
"32","agencia"
"33","aglomeración"
"34","agonizar"
"35","agradar"
"36","agredir"
"37","agua"
"38","aguijón"
"39","ahogar"
"40","ahorcar"
"41","alabar"
"42","alarma"
"43","alarmar"
"44","alegrar"
"45","alegría"
"46","alentador"
"47","alicatar"
"48","alimentar"
"49","alterado"
"50","alterada"
"51","alto"
"52","alta"
"53","aludir"
"54","amar"
"55","amargura"
"56","amenazado"
"57","amenazada"
"58","amenazador"
"59","amenazadora"
"60","amenazar"
"61","amistad"
"62","amistoso"
"63","amistosa"
"64","amordazar"
"65","amplio"
"66","amplia"
"67","amputación"
"68","ancho"
"69","ancha"
"70","anclar"
"71","animar"
"72","aniquilar"
"73","anorexia"
"74","anotar"
"75","ansiedad"
"76","anticuado"
"77","anticuada"
"78","antiguo"
"79","antipático"
"80","apaciguado"
"81","aparato"
"82","apasionado"
"83","apasionada"
"84","apendicitis"
"85","aperitivo"
"86","apestoso"
"87","apestosa"
"88","apilar"
"89","aplastar"
"90","aplaudir"
"91","aplausos"
"92","apodar"
"93","aprobar"
"94","araña"
"95","armar"
"96","armonía"
"97","aroma"
"98","arrasar"
"99","arriesgado"
"100","arriesgada"
"101","arrimar"
"102","arrollar"
"103","arroz"
"104","arruinar"
"105","artículo"
"106","artístico"
"107","artística"
"108","asaltar"
"109","asombrar"
"110","astuto"
"111","asustar"
"112","atacar"
"113","ataque"
"114","atardecer"
"115","atasco"
"116","ataúd"
"117","atemorizar"
"118","atender"
"119","aterrar"
"120","aterrorizar"
"121","atmosférico"
"122","atmosférica"
"123","átomo"
"124","atontado"
"125","atontada"
"126","atornillar"
"127","atracar"
"128","atractivo"
"129","atravesar"
"130","aturdido"
"131","ausencia"
"132","auténtico"
"133","auxiliar"
"134","aventurero"
"135","aversivo"
"136","aversiva"
"137","avispado"
"138","avispada"
"139","azulejo"
"140","babosa"
"141","bailar"
"142","baile"
"143","balneario"
"144","barba"
"145","bebé"
"146","bello"
"147","bella"
"148","beneficio"
"149","besar"
"150","bienestar"
"151","bikini"
"152","binario"
"153","binaria"
"154","bochorno"
"155","bola"
"156","bombardear"
"157","bondadoso"
"158","bondadosa"
"159","bonito"
"160","bonita"
"161","borroso"
"162","borrosa"
"163","bosque"
"164","botón"
"165","brincar"
"166","broma"
"167","cachorro"
"168","caducado"
"169","caducada"
"170","caer"
"171","calavera"
"172","calentar"
"173","calma"
"174","calmado"
"175","calmada"
"176","calmante"
"177","camping"
"178","canal"
"179","canción"
"180","cansancio"
"181","cantar"
"182","capa"
"183","caprichoso"
"184","caprichosa"
"185","carcajada"
"186","carismático"
"187","carismática"
"188","cartesiano"
"189","cartesiana"
"190","castigar"
"191","catástrofe"
"192","cauto"
"193","cauta"
"194","cazar"
"195","cefalea"
"196","ceguera"
"197","celda"
"198","celebración"
"199","celebrar"
"200","celulitis"
"201","chaquetero"
"202","chaquetera"
"203","charca"
"204","charlar"
"205","chimenea"
"206","chistoso"
"207","chistosa"
"208","chivato"
"209","chivata"
"210","chuchería"
"211","chulo"
"212","chula"
"213","cifrado"
"214","cifrada"
"215","cine"
"216","cirugía"
"217","cita"
"218","claridad"
"219","clase"
"220","clavel"
"221","coacción"
"222","coaccionar"
"223","cobrar"
"224","cocer"
"225","codicioso"
"226","codiciosa"
"227","colorado"
"228","colorada"
"229","comentario"
"230","comenzar"
"231","cómico"
"232","cómica"
"233","cómodo"
"234","cómoda"
"235","compadecer"
"236","compañía"
"237","compartir"
"238","compasivo"
"239","compasiva"
"240","competente "
"241","competitivo"
"242","competitiva"
"243","complacer"
"244","complacido"
"245","complacida"
"246","comprensión"
"247","comunicación"
"248","comunicativo"
"249","comunicativa"
"250","condena"
"251","confidente"
"252","conflicto"
"253","confundido"
"254","confundida"
"255","congelado"
"256","congelada"
"257","conocer"
"258","consciente"
"259","conseguir"
"260","conservar"
"261","contentar"
"262","contento"
"263","contentar"
"264","contrario"
"265","contraria"
"266","cooperar"
"267","coordinación"
"268","coquetear"
"269","correr"
"270","corromper"
"271","cosa"
"272","creativo"
"273","creativa"
"274","crecer"
"275","crédulo"
"276","crédula"
"277","creído"
"278","creída"
"279","crisis"
"280","cuadrado"
"281","cuadrada"
"282","cucaracha"
"283","cuento"
"284","cuidar"
"285","culto"
"286","danza"
"287","dañar"
"288","dañino"
"289","dañina"
"290","dar"
"291","década"
"292","decapitar"
"293","decidir"
"294","decoro"
"295","defender"
"296","degollar"
"297","delfín"
"298","delgado"
"299","delgada"
"300","delicadeza"
"301","delicioso"
"302","deliciosa"
"303","delincuencia"
"304","demencia"
"305","democracia"
"306","denigrar"
"307","denominar"
"308","derruir"
"309","derrumbar"
"310","desafiar"
"311","desagradable"
"312","desahuciado"
"313","desahuciada"
"314","desahuciar"
"315","desahucio"
"316","desamor"
"317","desangrar"
"318","descansar"
"319","desconsiderado"
"320","desconsiderada"
"321","desear"
"322","desenroscar"
"323","desenterrar"
"324","desfavorable"
"325","desierto"
"326","desmayo"
"327","desobedecer"
"328","desollar"
"329","desorden"
"330","despachar"
"331","despacho"
"332","despejado"
"333","despejada"
"334","despierto"
"335","despistado"
"336","despistada"
"337","desprecio"
"338","destacar"
"339","desterrar"
"340","destrozar"
"341","devastar"
"342","diabetes"
"343","dichoso"
"344","dictadura"
"345","difamar"
"346","dificultad"
"347","diminuto"
"348","diminuta"
"349","dinámico"
"350","discreto"
"351","discreta"
"352","disfrutar"
"353","disparar"
"354","dispuesto"
"355","dispuesta"
"356","disputa"
"357","distancia"
"358","distraído"
"359","distraída"
"360","divertido"
"361","divertida"
"362","divertir"
"363","doméstico"
"364","doméstica"
"365","donar"
"366","dormilón"
"367","dormilóna"
"368","drogadicto"
"369","drogadicta"
"370","ducha"
"371","duplicar"
"372","edición"
"373","ejecutar"
"374","electrocutar"
"375","elegir"
"376","elemento"
"377","elevado"
"378","elevada"
"379","elíptico"
"380","elíptica"
"381","embalar"
"382","embargo"
"383","embestir"
"384","embolia"
"385","empaquetar"
"386","empatar"
"387","emplear"
"388","enaltecer"
"389","enamorar"
"390","enano"
"391","enana"
"392","encadenado"
"393","encadenada"
"394","encantador"
"395","encantadora"
"396","encantar"
"397","encontrar"
"398","endurecer"
"399","energía"
"400","enfadar"
"401","enfermar"
"402","enfriamiento"
"403","enfurecer"
"404","engañado"
"405","engañada"
"406","engañar"
"407","engatusar"
"408","engordar"
"409","engrosar"
"410","enojo"
"411","enriquecedor"
"412","enriquecedora"
"413","enriquecer"
"414","enroscar"
"415","ensueño"
"416","entender"
"417","entero"
"418","entera"
"419","enterrar"
"420","entusiasmado"
"421","entusiasmada"
"422","entusiasmar"
"423","envenenar"
"424","enviar"
"425","envidioso"
"426","envidiosa"
"427","eructo"
"428","esbozar"
"429","escalera"
"430","esclavizar"
"431","escupir "
"432","escurridizo"
"433","escurridiza"
"434","espacial"
"435","espantar"
"436","espeso"
"437","espesa"
"438","espléndido"
"439","espléndida"
"440","espontáneo"
"441","espontánea"
"442","esquematizar"
"443","esquilar"
"444","estabilidad"
"445","estable"
"446","estación"
"447","estacionar"
"448","estafa"
"449","estallar"
"450","esterilidad"
"451","estrangular"
"452","estrecho"
"453","estrecha"
"454","estricto"
"455","estricta"
"456","estudiar"
"457","estudioso"
"458","estudiosa"
"459","euforia"
"460","exagerar"
"461","excitar"
"462","excursión"
"463","exitoso"
"464","exitosa"
"465","explicar"
"466","explosión"
"467","explosivo"
"468","explosiva"
"469","expresar"
"470","extenso"
"471","extensa"
"472","exterminar"
"473","externalizar"
"474","fallecer"
"475","falsear"
"476","fantasma"
"477","fantástico"
"478","fantástica"
"479","farsa"
"480","favorito"
"481","favorita"
"482","fe"
"483","fecha"
"484","fecundo"
"485","fecunda"
"486","felicidad"
"487","felicitar"
"488","ferrocarril"
"489","festejar"
"490","fiel"
"491","fiesta"
"492","figura"
"493","figurar"
"494","filosofía"
"495","fino"
"496","fina"
"497","firme"
"498","flirtear"
"499","forma"
"500","formal"
"501","fortaleza"
"502","fortuna"
"503","fotografía"
"504","fracasado"
"505","fracasada"
"506","frase"
"507","fraternidad"
"508","fresco"
"509","frondoso"
"510","frondosa"
"511","funeraria"
"512","furia"
"513","fusilar"
"514","ganador"
"515","ganadora"
"516","garganta"
"517","gasto"
"518","generador"
"519","generadora"
"520","genuino"
"521","genuina"
"522","giratorio"
"523","giratoria"
"524","giro"
"525","golpear"
"526","gordura"
"527","gozoso"
"528","gracia"
"529","gráfico"
"530","gráfica"
"531","grandioso"
"532","grasa"
"533","gratis"
"534","grueso"
"535","gustar"
"536","hacienda"
"537","hacinamiento"
"538","halagador"
"539","hallar"
"540","hambre"
"541","hecho"
"542","helado"
"543","herir"
"544","hidromasaje"
"545","hinchado"
"546","holgado"
"547","holgada"
"548","hondo"
"549","honda"
"550","honrado"
"551","honrada"
"552","horroroso"
"553","horrorosa"
"554","hueco"
"555","huérfano"
"556","huérfana"
"557","humanitario"
"558","humanitaria"
"559","humedecer"
"560","húmedo"
"561","húmeda"
"562","humildad"
"563","humillación"
"564","huracán"
"565","ideal"
"566","igual"
"567","igualar"
"568","ilusión"
"569","ilusionado"
"570","ilusionada"
"571","ilusionar"
"572","imaginación"
"573","impaciencia"
"574","implantar"
"575","imponer"
"576","imposibilidad"
"577","imprimir"
"578","imprudente"
"579","impuesto"
"580","incapaz"
"581","incendiar"
"582","inconsciente"
"583","increpar"
"584","inculto"
"585","inculta"
"586","incurable"
"587","infancia"
"588","infarto"
"589","infectar"
"590","infidelidad"
"591","injuria"
"592","injuriar"
"593","injusticia"
"594","inquietar"
"595","inscribir"
"596","insensato"
"597","insensata"
"598","inspeccionar"
"599","instaurar"
"600","insuficiente"
"601","insultado"
"602","insultada"
"603","íntegro"
"604","íntegra"
"605","inteligente"
"606","interferir"
"607","intimidar"
"608","inventar"
"609","invicto"
"610","invicta"
"611","ira"
"612","irrespetuoso"
"613","irrespetuosa"
"614","jabón"
"615","jeringuilla"
"616","jugar"
"617","justo"
"618","labrador"
"619","lamentar"
"620","lanzar"
"621","lapidar"
"622","lápiz"
"623","lastimar"
"624","lealtad"
"625","lectura"
"626","leer"
"627","legítimo"
"628","legítima"
"629","lerdo"
"630","lerda"
"631","lesionar"
"632","ligar"
"633","ligue"
"634","limpio"
"635","limpia"
"636","linchar"
"637","lindo"
"638","linda"
"639","linea"
"640","listo"
"641","lista"
"642","liviano"
"643","liviana"
"644","llamar"
"645","llanto"
"646","locuaz"
"647","locura"
"648","lograr"
"649","luminosidad"
"650","luminoso"
"651","luminosa"
"652","luna"
"653","luz"
"654","maceta"
"655","madre"
"656","madrugón"
"657","malestar"
"658","malévolo"
"659","malévola"
"660","malgastar"
"661","malo"
"662","mala"
"663","maloliente"
"664","maltratador"
"665","maltratadora"
"666","maltratar"
"667","malversar"
"668","manantial"
"669","mar"
"670","maravilloso"
"671","maravillosa"
"672","marcar"
"673","marginación"
"674","martirio"
"675","masaje"
"676","mascullar"
"677","matar"
"678","mecánico"
"679","mecánica"
"680","medalla"
"681","medio"
"682","meditación"
"683","mentir"
"684","mentiroso"
"685","merienda"
"686","metástasis"
"687","meticuloso"
"688","meticulosa"
"689","metralleta"
"690","metro"
"691","mimado"
"692","mimada"
"693","mitad"
"694","modular"
"695","mojado"
"696","mojada"
"697","monstruo"
"698","monstruoso"
"699","monstruosa"
"700","moqueta"
"701","morder"
"702","mortal"
"703","mover"
"704","muestrario"
"705","munición"
"706","muñeco"
"707","muñón"
"708","murmurar "
"709","muro"
"710","mutilado"
"711","mutilada"
"712","nacional"
"713","nariz"
"714","náusea"
"715","navegar"
"716","nazi"
"717","necio"
"718","necia"
"719","negativo"
"720","negativa"
"721","negociar"
"722","nivel"
"723","noche"
"724","novedoso"
"725","novedosa"
"726","número"
"727","oasis"
"728","objeto"
"729","odioso"
"730","odiosa"
"731","ofensa"
"732","oloroso"
"733","olorosa"
"734","olvidar"
"735","olvido"
"736","oncología"
"737","ondulado"
"738","ondulada"
"739","opaco"
"740","opaca"
"741","operación"
"742","oprimir"
"743","orar"
"744","original"
"745","orquídea"
"746","oruga"
"747","oscilar"
"748","otear"
"749","otitis"
"750","otorgar"
"751","ovacionar"
"752","padecer"
"753","paella"
"754","paisaje"
"755","paranormal"
"756","parásito"
"757","parcial"
"758","parecido"
"759","parecida"
"760","pasear"
"761","paseo"
"762","pavor"
"763","pedo"
"764","pegar"
"765","peinar"
"766","pelear"
"767","peligrar"
"768","peligroso"
"769","peligrosa"
"770","pelirrojo"
"771","pensión"
"772","pequeño"
"773","pequeña"
"774","perder"
"775","pérdida"
"776","perdonar"
"777","perfil"
"778","perfumado"
"779","perfumada"
"780","perjudicar"
"781","perseverar"
"782","pesadilla"
"783","pesado"
"784","pesada"
"785","pie"
"786","piropear"
"787","piropo"
"788","piscina"
"789","plenitud"
"790","poema"
"791","político"
"792","política"
"793","pólvora"
"794","posible"
"795","positivo"
"796","positiva"
"797","precintar"
"798","prejuicio"
"799","premiar"
"800","premio"
"801","preocupar"
"802","preparado"
"803","preparada"
"804","preparar"
"805","presumido"
"806","presumida"
"807","pretencioso"
"808","probar"
"809","producto"
"810","programar"
"811","prosperar"
"812","prostituir"
"813","proteger"
"814","provincia"
"815","psicópata"
"816","psicosis"
"817","puñalada"
"818","puro"
"819","purulento"
"820","pústula"
"821","quejumbroso"
"822","quemar"
"823","quieto"
"824","quimioterapia"
"825","racial"
"826","reanimar"
"827","recalcar"
"828","recibir"
"829","reciclar"
"830","recolectar"
"831","recompensar"
"832","recriminar"
"833","recrudecer"
"834","redicho"
"835","redicha"
"836","reemplazar"
"837","referir"
"838","reformar"
"839","reforzar"
"840","refrescante"
"841","regalar"
"842","regañar"
"843","reinar"
"844","reír"
"845","relación"
"846","relajación"
"847","relax"
"848","religioso"
"849","religiosa"
"850","remover"
"851","renacer"
"852","renovar"
"853","reprender"
"854","repugnancia"
"855","repugnar"
"856","repulsivo"
"857","repulsiva"
"858","rescatar"
"859","respetar"
"860","respiración"
"861","respirar"
"862","resumir"
"863","reventar"
"864","revoltoso"
"865","revoltosa"
"866","revolver"
"867","rezar"
"868","rico"
"869","ridiculizar"
"870","ridículo"
"871","ridícula"
"872","risueño"
"873","risueña"
"874","rival"
"875","rizado"
"876","rizada"
"877","robo"
"878","robusto"
"879","robusta"
"880","rogar"
"881","romper"
"882","rosa"
"883","rotular"
"884","rudo"
"885","ruda"
"886","rueda"
"887","ruin"
"888","rural"
"889","sabiduría"
"890","sacrificar"
"891","salario"
"892","salir"
"893","saltear"
"894","salvaje"
"895","salvar"
"896","sancionar"
"897","sangrar"
"898","sangre"
"899","sano"
"900","sana"
"901","satisfacción"
"902","sauna"
"903","seco"
"904","seca"
"905","secuestrar"
"906","sed"
"907","seducción"
"908","seducir"
"909","seductor"
"910","seductora"
"911","sellar"
"912","selva"
"913","sencillo"
"914","senderismo"
"915","sensato"
"916","sensata"
"917","sensibilidad"
"918","sentir"
"919","separación"
"920","septentrional"
"921","serenidad"
"922","servidumbre"
"923","sexualidad"
"924","siesta"
"925","sífilis"
"926","silencioso"
"927","silenciosa"
"928","similar"
"929","sincero"
"930","sincera"
"931","sintáctico"
"932","sintáctica"
"933","sistemático"
"934","sistemática"
"935","sobornar"
"936","soborno"
"937","sobresaliente"
"938","sobresalir"
"939","sobrevivir"
"940","socorrer"
"941","solidaridad"
"942","sollozar"
"943","sonido"
"944","sonreír"
"945","sonrisa"
"946","sorprender"
"947","sorpresa"
"948","sosiego"
"949","sospecha"
"950","sueldo"
"951","suelo"
"952","suerte"
"953","sufrimiento"
"954","superación"
"955","suscribir"
"956","suspenso"
"957","sustancia"
"958","susto"
"959","susurrar"
"960","susurro"
"961","tacaño"
"962","tacto"
"963","tarea"
"964","teatro"
"965","techo"
"966","tecla"
"967","tema"
"968","temer"
"969","temerario"
"970","temeraria"
"971","templado"
"972","templada"
"973","templanza"
"974","temporal"
"975","tenebroso"
"976","tenebrosa"
"977","tentar"
"978","ternura"
"979","terremoto"
"980","terrorismo"
"981","tétrico"
"982","tétrica"
"983","texto"
"984","timado"
"985","timada"
"986","timbre"
"987","tiranía"
"988","torcer"
"989","torcido"
"990","torcida"
"991","torear"
"992","tormento"
"993","torturado"
"994","torturada"
"995","torturar"
"996","tosco"
"997","tosca"
"998","trabajador"
"999","trabajadora"
"1000","trabajar"
"1001","traición"
"1002","tramposo"
"1003","tramposa"
"1004","tranquilidad"
"1005","transferible"
"1006","tránsfuga"
"1007","translúcido"
"1008","translúcida"
"1009","trastorno"
"1010","tristeza"
"1011","triturar"
"1012","triunfador"
"1013","triunfadora"
"1014","triunfar"
"1015","tubería"
"1016","tumbona"
"1017","turbulento"
"1018","turbulenta"
"1019","unión"
"1020","universal"
"1021","vacío"
"1022","vacía"
"1023","vago"
"1024","vaga"
"1025","valor"
"1026","vapor"
"1027","vaso"
"1028","vegetación"
"1029","vejatorio"
"1030","velas"
"1031","vencer"
"1032","verano"
"1033","verbalizar"
"1034","vergüenza"
"1035","versionar"
"1036","viajar"
"1037","viajero"
"1038","viajera"
"1039","victorioso"
"1040","victoriosa"
"1041","viejo"
"1042","vieja"
"1043","violador"
"1044","violadora"
"1045","violar"
"1046","visualizar"
"1047","viudo"
"1048","viuda"
"1049","vocalizar"
"1050","volar"
"1051","voltear"
"1052","voluptuoso"
"1053","voluptuosa"
"1054","votar "
"1055","yoga"
"1056","zopenco"
"1057","zopenca"
"1058","abandonos"
"1059","abismos"
"1060","abrazos"
"1061","abusos"
"1062","aceptaciónes"
"1063","aceras"
"1064","acnés"
"1065","acuarelas"
"1066","adulterios"
"1067","aficiónes"
"1068","agencias"
"1069","aglomeraciónes"
"1070","aguas"
"1071","aguijónes"
"1072","alarmas"
"1073","alegrías"
"1074","amarguras"
"1075","amistades"
"1076","amputaciónes"
"1077","ansiedades"
"1078","aparatos"
"1079","aperitivos"
"1080","arañas"
"1081","armonías"
"1082","aromas"
"1083","arroces"
"1084","artículos"
"1085","ataques"
"1086","atascos"
"1087","ataúdes"
"1088","átomos"
"1089","ausencias"
"1090","azulejos"
"1091","bailes"
"1092","balnearios"
"1093","barbas"
"1094","bebés"
"1095","beneficios"
"1096","bienestares"
"1097","bikinis"
"1098","bochornos"
"1099","bolas"
"1100","bosques"
"1101","botones"
"1102","bromas"
"1103","cachorros"
"1104","calaveras"
"1105","campings"
"1106","canales"
"1107","canciónes"
"1108","cansancios"
"1109","capas"
"1110","carcajadas"
"1111","catástrofes"
"1112","cefaleas"
"1113","cegueras"
"1114","celdas"
"1115","celebraciónes"
"1116","charcas"
"1117","chimeneas"
"1118","chucherías"
"1119","cines"
"1120","cirugías"
"1121","citas"
"1122","claridades"
"1123","clases"
"1124","claveles"
"1125","coacciónes"
"1126","comentarios"
"1127","compañías"
"1128","comprensiones"
"1129","comunicaciones"
"1130","condenas"
"1131","conflictos"
"1132","coordinaciones"
"1133","cosas"
"1134","cucarachas"
"1135","cuentos"
"1136","danzas"
"1137","décadas"
"1138","delfínes"
"1139","delicadezas"
"1140","delincuencias"
"1141","demencias"
"1142","democracias"
"1143","desahucios"
"1144","desamores"
"1145","desmayos"
"1146","desordenes"
"1147","despachos"
"1148","desprecios"
"1149","dictaduras"
"1150","dificultades"
"1151","disputas"
"1152","distancias"
"1153","duchas"
"1154","ediciones"
"1155","elementos"
"1156","embargos"
"1157","embolias"
"1158","energías"
"1159","enfriamientos"
"1160","enojos"
"1161","eructos"
"1162","escaleras"
"1163","estabilidades"
"1164","estaciones"
"1165","estafas"
"1166","esterilidades"
"1167","euforias"
"1168","excursiones"
"1169","explosiones"
"1170","fantasmas"
"1171","farsas"
"1172","fes"
"1173","fechas"
"1174","felicidades"
"1175","ferrocarriles"
"1176","fiestas"
"1177","figuras"
"1178","filosofías"
"1179","formas"
"1180","fortalezas"
"1181","fortunas"
"1182","fotografías"
"1183","frases"
"1184","fraternidades"
"1185","funerarias"
"1186","furias"
"1187","gargantas"
"1188","gastos"
"1189","giros"
"1190","gorduras"
"1191","gracias"
"1192","haciendas"
"1193","hacinamientos"
"1194","hambres"
"1195","hechos"
"1196","helados"
"1197","hidromasajes"
"1198","huecos"
"1199","humildades"
"1200","humillaciónes"
"1201","huracanes"
"1202","ilusiones"
"1203","imaginaciones"
"1204","impaciencias"
"1205","imposibilidades"
"1206","impuestos"
"1207","infancias"
"1208","infartos"
"1209","infidelidades"
"1210","injurias"
"1211","injusticias"
"1212","iras"
"1213","jabones"
"1214","jeringuillas"
"1215","lápices"
"1216","lealtades"
"1217","lecturas"
"1218","ligues"
"1219","lineas"
"1220","llantos"
"1221","locuras"
"1222","luminosidades"
"1223","lunas"
"1224","luces"
"1225","macetas"
"1226","madres"
"1227","madrugones"
"1228","malestares"
"1229","manantiales"
"1230","mars"
"1231","marginaciones"
"1232","martirios"
"1233","masajes"
"1234","medallas"
"1235","meditaciones"
"1236","meriendas"
"1237","metralletas"
"1238","metros"
"1239","mitades"
"1240","monstruos"
"1241","moquetas"
"1242","muestrarios"
"1243","municiones"
"1244","muñecos"
"1245","muñones"
"1246","muros"
"1247","narices"
"1248","náuseas"
"1249","niveles"
"1250","noches"
"1251","números"
"1252","objetos"
"1253","ofensas"
"1254","olvidos"
"1255","oncologías"
"1256","operaciónes"
"1257","orquídeas"
"1258","orugas"
"1259","paellas"
"1260","paisajes"
"1261","paseos"
"1262","pavores"
"1263","pedos"
"1264","pensiones"
"1265","pérdidas"
"1266","perfiles"
"1267","pesadillas"
"1268","pies"
"1269","piropos"
"1270","piscinas"
"1271","plenitudes"
"1272","poemas"
"1273","pólvoras"
"1274","prejuicios"
"1275","premios"
"1276","productos"
"1277","provincias"
"1278","puñaladas"
"1279","pústulas"
"1280","quimioterapias"
"1281","relaciones"
"1282","relajaciones"
"1283","repugnancias"
"1284","respiraciónes"
"1285","rivales"
"1286","robos"
"1287","ruedas"
"1288","sabidurías"
"1289","salarios"
"1290","sangres"
"1291","satisfacciones"
"1292","saunas"
"1293","sedes"
"1294","seducciones"
"1295","selvas"
"1296","senderismos"
"1297","sensibilidades"
"1298","separaciones"
"1299","serenidades"
"1300","servidumbres"
"1301","sexualidades"
"1302","siestas"
"1303","sobornos"
"1304","solidaridades"
"1305","sonidos"
"1306","sonrisas"
"1307","sorpresas"
"1308","sosiegos"
"1309","sospechas"
"1310","sueldos"
"1311","suelos"
"1312","suertes"
"1313","sufrimientos"
"1314","superaciones"
"1315","sustancias"
"1316","sustos"
"1317","susurros"
"1318","tactos"
"1319","tareas"
"1320","teatros"
"1321","techos"
"1322","teclas"
"1323","temas"
"1324","templanzas"
"1325","ternuras"
"1326","terremotos"
"1327","terrorismos"
"1328","textos"
"1329","timbres"
"1330","tiranías"
"1331","tormentos"
"1332","traiciones"
"1333","tranquilidades"
"1334","tránsfugas"
"1335","trastornos"
"1336","tristezas"
"1337","tuberías"
"1338","tumbonas"
"1339","uniones"
"1340","valores"
"1341","vapores"
"1342","vasos"
"1343","vegetaciones"
"1344","veranos"
"1345","vergüenzas"
"1346","yogas"
"1347","adulterados"
"1348","afamados"
"1349","afectuosos"
"1350","alentadores"
"1351","alterados"
"1352","alteradas"
"1353","amenazados"
"1354","amenazadas"
"1355","amenazadores"
"1356","amenazadoras"
"1357","amplios"
"1358","amplias"
"1359","apaciguados"
"1360","apasionados"
"1361","apasionadas"
"1362","apestosos"
"1363","apestosas"
"1364","arriesgados"
"1365","arriesgadas"
"1366","artísticos"
"1367","artísticas"
"1368","astutos"
"1369","atmosféricos"
"1370","atmosféricas"
"1371","atontados"
"1372","atontadas"
"1373","aturdidos"
"1374","aversivos"
"1375","aversivas"
"1376","avispados"
"1377","avispadas"
"1378","bellos"
"1379","bellas"
"1380","binarios"
"1381","binarias"
"1382","bondadosos"
"1383","bondadosas"
"1384","borrosos"
"1385","borrosas"
"1386","caducados"
"1387","caducadas"
"1388","calmados"
"1389","calmadas"
"1390","calmantes"
"1391","caprichosos"
"1392","caprichosas"
"1393","carismáticos"
"1394","carismáticas"
"1395","cautos"
"1396","cautas"
"1397","chistosos"
"1398","chistosas"
"1399","cifrados"
"1400","cifradas"
"1401","colorados"
"1402","coloradas"
"1403","compasivos"
"1404","compasivas"
"1405","competentes"
"1406","competitivos"
"1407","competitivas"
"1408","complacidos"
"1409","complacidas"
"1410","comunicativos"
"1411","comunicativas"
"1412","confundidos"
"1413","confundidas"
"1414","crédulos"
"1415","crédulas"
"1416","creídos"
"1417","creídas"
"1418","dañinos"
"1419","dañinas"
"1420","deliciosos"
"1421","deliciosas"
"1422","desagradables"
"1423","desahuciados"
"1424","desahuciadas"
"1425","desfavorables"
"1426","despejados"
"1427","despejadas"
"1428","despiertos"
"1429","dichosos"
"1430","diminutos"
"1431","diminutas"
"1432","dispuestos"
"1433","dispuestas"
"1434","divertidos"
"1435","divertidas"
"1436","elevados"
"1437","elevadas"
"1438","elípticos"
"1439","elípticas"
"1440","encadenados"
"1441","encadenadas"
"1442","engañados"
"1443","engañadas"
"1444","enriquecedores"
"1445","enriquecedoras"
"1446","entusiasmados"
"1447","entusiasmadas"
"1448","escurridizos"
"1449","escurridizas"
"1450","espaciales"
"1451","espesos"
"1452","espesas"
"1453","espléndidos"
"1454","espléndidas"
"1455","estables"
"1456","estrictos"
"1457","estrictas"
"1458","exitosos"
"1459","exitosas"
"1460","extensos"
"1461","extensas"
"1462","fantásticos"
"1463","fantásticas"
"1464","formales"
"1465","frondosos"
"1466","frondosas"
"1467","genuinos"
"1468","genuinas"
"1469","gozosos"
"1470","grandiosos"
"1471","gratises"
"1472","halagadores"
"1473","holgados"
"1474","holgadas"
"1475","honrados"
"1476","honradas"
"1477","horrorosos"
"1478","horrorosas"
"1479","humanitarios"
"1480","humanitarias"
"1481","ilusionados"
"1482","ilusionadas"
"1483","incapaces"
"1484","incultos"
"1485","incultas"
"1486","insuficientes"
"1487","insultados"
"1488","insultadas"
"1489","íntegros"
"1490","íntegras"
"1491","inteligentes"
"1492","irrespetuosos"
"1493","irrespetuosas"
"1494","listos"
"1495","listas"
"1496","luminosos"
"1497","luminosas"
"1498","malévolos"
"1499","malévolas"
"1500","malolientes"
"1501","maravillosos"
"1502","maravillosas"
"1503","monstruosos"
"1504","monstruosas"
"1505","novedosos"
"1506","novedosas"
"1507","odiosos"
"1508","odiosas"
"1509","ondulados"
"1510","onduladas"
"1511","paranormales"
"1512","peligrosos"
"1513","peligrosas"
"1514","perfumados"
"1515","perfumadas"
"1516","pretenciosos"
"1517","purulentos"
"1518","quejumbrosos"
"1519","quietos"
"1520","raciales"
"1521","redichos"
"1522","redichas"
"1523","refrescantes"
"1524","religiosos"
"1525","religiosas"
"1526","repulsivos"
"1527","repulsivas"
"1528","risueños"
"1529","risueñas"
"1530","robustos"
"1531","robustas"
"1532","rudos"
"1533","rudas"
"1534","rurals"
"1535","sensatos"
"1536","sensatas"
"1537","septentrionals"
"1538","silenciosos"
"1539","silenciosas"
"1540","similars"
"1541","sinceros"
"1542","sinceras"
"1543","sintácticos"
"1544","sintácticas"
"1545","templados"
"1546","templadas"
"1547","tenebrosos"
"1548","tenebrosas"
"1549","tétricos"
"1550","tétricas"
"1551","timados"
"1552","timadas"
"1553","torturados"
"1554","torturadas"
"1555","toscos"
"1556","toscas"
"1557","transferibles"
"1558","triunfadores"
"1559","triunfadoras"
"1560","vejatorios"
"1561","abiertos"
"1562","abiertas"
"1563","acogedores"
"1564","acogedoras"
"1565","acuáticos"
"1566","acuáticas"
"1567","altos"
"1568","altas"
"1569","amistosos"
"1570","amistosas"
"1571","anchos"
"1572","anchas"
"1573","anticuados"
"1574","anticuadas"
"1575","antiguos"
"1576","antipáticos"
"1577","atractivos"
"1578","auténticos"
"1579","aventureros"
"1580","babosas"
"1581","bonitos"
"1582","bonitas"
"1583","calmas"
"1584","cartesianos"
"1585","cartesianas"
"1586","chaqueteros"
"1587","chaqueteras"
"1588","chivatos"
"1589","chivatas"
"1590","chulos"
"1591","chulas"
"1592","codiciosos"
"1593","codiciosas"
"1594","cómicos"
"1595","cómicas"
"1596","cómodos"
"1597","cómodas"
"1598","confidentes"
"1599","congelados"
"1600","congeladas"
"1601","conscientes"
"1602","contentos"
"1603","contentars"
"1604","contrarios"
"1605","contrarias"
"1606","creativos"
"1607","creativas"
"1608","cuadrados"
"1609","cuadradas"
"1610","cultos"
"1611","decoros"
"1612","delgados"
"1613","delgadas"
"1614","desconsiderados"
"1615","desconsideradas"
"1616","desiertos"
"1617","despistados"
"1618","despistadas"
"1619","dinámicos"
"1620","discretos"
"1621","discretas"
"1622","distraídos"
"1623","distraídas"
"1624","domésticos"
"1625","domésticas"
"1626","dormilones"
"1627","dormilonas"
"1628","drogadictos"
"1629","drogadictas"
"1630","enanos"
"1631","enanas"
"1632","encantadores"
"1633","encantadoras"
"1634","ensueños"
"1635","enteros"
"1636","enteras"
"1637","envidiosos"
"1638","envidiosas"
"1639","espontáneos"
"1640","espontáneas"
"1641","estrechos"
"1642","estrechas"
"1643","estudiosos"
"1644","estudiosas"
"1645","explosivos"
"1646","explosivas"
"1647","favoritos"
"1648","favoritas"
"1649","fecundos"
"1650","fecundas"
"1651","fieles"
"1652","finos"
"1653","finas"
"1654","firmes"
"1655","fracasados"
"1656","fracasadas"
"1657","frescos"
"1658","ganadores"
"1659","ganadoras"
"1660","generadores"
"1661","generadoras"
"1662","giratorios"
"1663","giratorias"
"1664","gráficos"
"1665","gráficas"
"1666","grasas"
"1667","gruesos"
"1668","hinchados"
"1669","hondos"
"1670","hondas"
"1671","huérfanos"
"1672","huérfanas"
"1673","húmedos"
"1674","húmedas"
"1675","ideales"
"1676","iguales"
"1677","imprudentes"
"1678","inconscientes"
"1679","incurables"
"1680","insensatos"
"1681","insensatas"
"1682","invictos"
"1683","invictas"
"1684","justos"
"1685","labradores"
"1686","legítimos"
"1687","legítimas"
"1688","lerdos"
"1689","lerdas"
"1690","limpios"
"1691","limpias"
"1692","lindos"
"1693","lindas"
"1694","livianos"
"1695","livianas"
"1696","locuaces"
"1697","malos"
"1698","malas"
"1699","maltratadores"
"1700","maltratadoras"
"1701","mecánicos"
"1702","mecánicas"
"1703","medios"
"1704","mentirosos"
"1705","meticulosos"
"1706","meticulosas"
"1707","mimados"
"1708","mimadas"
"1709","mojados"
"1710","mojadas"
"1711","mortales"
"1712","mutilados"
"1713","mutiladas"
"1714","nacionales"
"1715","nazis"
"1716","necios"
"1717","necias"
"1718","negativos"
"1719","negativas"
"1720","olorosos"
"1721","olorosas"
"1722","opacos"
"1723","opacas"
"1724","originales"
"1725","parásitos"
"1726","parciales"
"1727","parecidos"
"1728","parecidas"
"1729","pelirrojos"
"1730","pequeños"
"1731","pequeñas"
"1732","pesados"
"1733","pesadas"
"1734","políticos"
"1735","políticas"
"1736","posibles"
"1737","positivos"
"1738","positivas"
"1739","preparados"
"1740","preparadas"
"1741","presumidos"
"1742","presumidas"
"1743","psicópatas"
"1744","puros"
"1745","revoltosos"
"1746","revoltosas"
"1747","ricos"
"1748","ridículos"
"1749","ridículas"
"1750","rizados"
"1751","rizadas"
"1752","rosas"
"1753","ruines"
"1754","salvajes"
"1755","sanos"
"1756","sanas"
"1757","secos"
"1758","secas"
"1759","seductores"
"1760","seductoras"
"1761","sencillos"
"1762","sistemáticos"
"1763","sistemáticas"
"1764","sobresalientes"
"1765","suspensos"
"1766","tacaños"
"1767","temerarios"
"1768","temerarias"
"1769","temporales"
"1770","torcidos"
"1771","torcidas"
"1772","trabajadores"
"1773","trabajadoras"
"1774","tramposos"
"1775","tramposas"
"1776","translúcidos"
"1777","translúcidas"
"1778","turbulentos"
"1779","turbulentas"
"1780","universales"
"1781","vacíos"
"1782","vacías"
"1783","vagos"
"1784","vagas"
"1785","viajeros"
"1786","viajeras"
"1787","victoriosos"
"1788","victoriosas"
"1789","viejos"
"1790","viejas"
"1791","violadores"
"1792","violadoras"
"1793","viudos"
"1794","viudas"
"1795","voluptuosos"
"1796","voluptuosas"
"1797","zopencos"
"1798","zopencas"
"1799","abandonament"
"1800","abatre"
"1801","obert"
"1802","oberta"
"1803","abisme"
"1804","abraçar"
"1805","abraçada"
"1806","esbroncar"
"1807","abús"
"1808","acariciar"
"1809","acatar"
"1810","acceptació"
"1811","vorera"
"1812","aclamar"
"1813","acné"
"1814","acollidor"
"1815","acollidora"
"1816","assetjar"
"1817","actuar"
"1818","aquarel·la"
"1819","aquàtic"
"1820","aquàtica"
"1821","apunyalar"
"1822","acusar"
"1823","admirar"
"1824","adulterat"
"1825","adulteri"
"1826","advertir"
"1827","famós"
"1828","afectuós"
"1829","afició"
"1830","agència"
"1831","aglomeració"
"1832","agonitzar"
"1833","agradar"
"1834","agredir"
"1835","aigua"
"1836","fibló"
"1837","ofegar"
"1838","penjar"
"1839","lloar"
"1840","alarma"
"1841","alarmar"
"1842","alegrar"
"1843","alegria"
"1844","encoratjador"
"1845","enrajolar"
"1846","alimentar"
"1847","alterat"
"1848","alterada"
"1849","alt"
"1850","alta"
"1851","al·ludir"
"1852","estimar"
"1853","amargor"
"1854","amenaçat"
"1855","amenaçada"
"1856","amenaçador"
"1857","amenaçadora"
"1858","amenaçar"
"1859","amistat"
"1860","amistós"
"1861","amistosa"
"1862","emmordassar"
"1863","ampli"
"1864","àmplia"
"1865","amputació"
"1866","ample"
"1867","ampla"
"1868","ancorar"
"1869","animar"
"1870","aniquilar"
"1871","anorèxia"
"1872","anotar"
"1873","ansietat"
"1874","antiquat"
"1875","antiquada"
"1876","antic"
"1877","antipàtic"
"1878","apaivagat"
"1879","aparell"
"1880","apassionat"
"1881","apassionada"
"1882","apendicitis"
"1883","aperitiu"
"1884","pudent"
"1885","apilar"
"1886","aixafar"
"1887","aplaudir"
"1888","aplaudiments"
"1889","apodar"
"1890","aprovar"
"1891","aranya"
"1892","armar"
"1893","harmonia"
"1894","aroma"
"1895","arrasar"
"1896","arriscat"
"1897","arriscada"
"1898","donar un cop"
"1899","atropellar"
"1900","arròs"
"1901","arruïnar"
"1902","article"
"1903","artístic"
"1904","artística"
"1905","assaltar"
"1906","sorprendre"
"1907","astut"
"1908","espantar"
"1909","atacar"
"1910","atac"
"1911","capvespre"
"1912","embús"
"1913","taüt"
"1914","atemorir"
"1915","atendre"
"1916","aterrir"
"1917","aterroritzar"
"1918","atmosfèric"
"1919","atmosfèrica"
"1920","àtom"
"1921","encantat"
"1922","encantada"
"1923","cargolar"
"1924","atracar"
"1925","atractiu"
"1926","travessar"
"1927","atordit"
"1928","absència"
"1929","autèntic"
"1930","auxiliar"
"1931","aventurer"
"1932","aversiu"
"1933","aversiva"
"1934","espavilat"
"1935","espavilada"
"1936","rajola"
"1937","llimac"
"1938","ballar"
"1939","ball"
"1940","balneari"
"1941","barba"
"1942","nadó"
"1943","bell"
"1944","bella"
"1945","benefici"
"1946","besar"
"1947","benestar"
"1948","bikini"
"1949","binari"
"1950","binària"
"1951","xafogor"
"1952","bola"
"1953","bombardejar"
"1954","bondadós"
"1955","bondadosa"
"1956","bonic"
"1957","bonica"
"1958","borrós"
"1959","borrosa"
"1960","bosc"
"1961","botó"
"1962","botar"
"1963","broma"
"1964","cadell"
"1965","caducat"
"1966","caducada"
"1967","caure"
"1968","calavera"
"1969","escalfar"
"1970","calma"
"1971","calmat"
"1972","calmada"
"1973","calmant"
"1974","càmping"
"1975","canal"
"1976","cançó"
"1977","cansament"
"1978","cantar"
"1979","capa"
"1980","capritxós"
"1981","capritxosa"
"1982","riallada"
"1983","carismàtic"
"1984","carismàtica"
"1985","cartesià"
"1986","cartesiana"
"1987","castigar"
"1988","catàstrofe"
"1989","caut"
"1990","cauta"
"1991","caçar"
"1992","cefalea"
"1993","ceguesa"
"1994","cel·la"
"1995","celebració"
"1996","celebrar"
"1997","cel·lulitis"
"1998","chaquetero"
"1999","jaquetera"
"2000","bassa"
"2001","xerrar"
"2002","llar de foc"
"2003","graciós"
"2004","graciosa"
"2005","xivato"
"2006","chivata"
"2007","llaminadura"
"2008","xulo"
"2009","xula"
"2010","xifrat"
"2011","xifrada"
"2012","cinema"
"2013","cirurgia"
"2014","cita"
"2015","claredat"
"2016","classe"
"2017","clavell"
"2018","coacció"
"2019","coaccionar"
"2020","cobrar"
"2021","coure"
"2022","cobdiciós"
"2023","cobdiciosa"
"2024","colorit"
"2025","colorida"
"2026","comentari"
"2027","començar"
"2028","còmic"
"2029","còmica"
"2030","còmode"
"2031","còmoda"
"2032","compadir"
"2033","companyia"
"2034","compartir"
"2035","compassiu"
"2036","compassiva"
"2037","competent"
"2038","competitiu"
"2039","competitiva"
"2040","complaure"
"2041","complagut"
"2042","complaguda"
"2043","comprensió"
"2044","comunicació"
"2045","comunicatiu"
"2046","comunicativa"
"2047","condemna"
"2048","confident"
"2049","conflicte"
"2050","confós"
"2051","confosa"
"2052","congelat"
"2053","congelada"
"2054","conèixer"
"2055","conscient"
"2056","aconseguir"
"2057","conservar"
"2058","acontentar"
"2059","content"
"2060","acontentar"
"2061","contrari"
"2062","contrària"
"2063","cooperar"
"2064","coordinació"
"2065","coquetejar"
"2066","córrer"
"2067","corrompre"
"2068","cosa"
"2069","creatiu"
"2070","creativa"
"2071","créixer"
"2072","crèdul"
"2073","crèdula"
"2074","cregut"
"2075","creguda"
"2076","crisi"
"2077","quadrat"
"2078","quadrada"
"2079","panerola"
"2080","conte"
"2081","tenir cura"
"2082","culte"
"2083","dansa"
"2084","danyar"
"2085","nociu"
"2086","nociva"
"2087","donar"
"2088","dècada"
"2089","decapitar"
"2090","decidir"
"2091","decòrum"
"2092","defensar"
"2093","degollar"
"2094","dofí"
"2095","prim"
"2096","prima"
"2097","delicadesa"
"2098","deliciós"
"2099","deliciosa"
"2100","delinqüència"
"2101","demència"
"2102","democràcia"
"2103","denigrar"
"2104","anomenar"
"2105","derruir"
"2106","esfondrar"
"2107","desafiar"
"2108","desagradable"
"2109","desnonat"
"2110","desnonada"
"2111","desnonar"
"2112","desnonament"
"2113","desamor"
"2114","dessagnar"
"2115","descansar"
"2116","desconsiderat"
"2117","desconsiderada"
"2118","desitjar"
"2119","descargolar"
"2120","desenterrar"
"2121","desfavorable"
"2122","desert"
"2123","desmai"
"2124","desobeir"
"2125","escorxar"
"2126","desordre"
"2127","despatxar"
"2128","despatx"
"2129","buidat"
"2130","buidada"
"2131","despert"
"2132","despistat"
"2133","despistada"
"2134","menyspreu"
"2135","destacar"
"2136","desterrar"
"2137","destrossar"
"2138","devastar"
"2139","diabetis"
"2140","joiós"
"2141","dictadura"
"2142","difamar"
"2143","dificultat"
"2144","diminut"
"2145","diminuta"
"2146","dinàmic"
"2147","discret"
"2148","discreta"
"2149","gaudir"
"2150","disparar"
"2151","disposat"
"2152","disposada"
"2153","disputa"
"2154","distància"
"2155","distret"
"2156","distreta"
"2157","divertit"
"2158","divertida"
"2159","divertir"
"2160","domèstic"
"2161","domèstica"
"2162","donar"
"2163","dormilega"
"2164","dormilona"
"2165","drogoaddicte"
"2166","drogoaddicta"
"2167","dutxa"
"2168","duplicar"
"2169","edició"
"2170","executar"
"2171","electrocutar"
"2172","triar"
"2173","element"
"2174","elevat"
"2175","elevada"
"2176","el·líptic"
"2177","el·líptica"
"2178","embalar"
"2179","això"
"2180","envestir"
"2181","embòlia"
"2182","empaquetar"
"2183","empatar"
"2184","emprar"
"2185","enaltir"
"2186","enamorar"
"2187","nan"
"2188","nana"
"2189","encadenat"
"2190","encadenada"
"2191","encantador"
"2192","encantadora"
"2193","encantar"
"2194","trobar"
"2195","endurir"
"2196","energia"
"2197","enfadar"
"2198","emmalaltir"
"2199","refredament"
"2200","enfurismar"
"2201","enganyat"
"2202","enganyada"
"2203","enganyar"
"2204","entabanar"
"2205","engreixar"
"2206","engrossir"
"2207","enuig"
"2208","enriquidor"
"2209","enriquidora"
"2210","enriquir"
"2211","enroscar"
"2212","somni"
"2213","entendre"
"2214","sencer"
"2215","sencera"
"2216","enterrar"
"2217","entusiasmat"
"2218","entusiasmada"
"2219","entusiasmar"
"2220","enverinar"
"2221","enviar"
"2222","envejós"
"2223","envejosa"
"2224","rot"
"2225","esbossar"
"2226","escala"
"2227","esclavitzar"
"2228","escopir"
"2229","esmunyedís"
"2230","esmunyedissa"
"2231","espacial"
"2232","espantar"
"2233","espès"
"2234","espessa"
"2235","esplèndid"
"2236","esplèndida"
"2237","espontani"
"2238","espontània"
"2239","esquematitzar"
"2240","esquilar"
"2241","estabilitat"
"2242","estable"
"2243","estació"
"2244","estacionar"
"2245","estafa"
"2246","esclatar"
"2247","esterilitat"
"2248","escanyar"
"2249","estret"
"2250","estreta"
"2251","estricte"
"2252","estricta"
"2253","estudiar"
"2254","estudiós"
"2255","estudiosa"
"2256","eufòria"
"2257","exagerar"
"2258","excitar"
"2259","excursió"
"2260","reeixit"
"2261","reeixida"
"2262","explicar"
"2263","explosió"
"2264","explosiu"
"2265","explosiva"
"2266","expressar"
"2267","extens"
"2268","extensa"
"2269","exterminar"
"2270","externalitzar"
"2271","morir"
"2272","falsejar"
"2273","fantasma"
"2274","fantàstic"
"2275","fantàstica"
"2276","farsa"
"2277","favorit"
"2278","favorita"
"2279","fe"
"2280","data"
"2281","fecund"
"2282","fecunda"
"2283","felicitat"
"2284","felicitar"
"2285","ferrocarril"
"2286","festejar"
"2287","fidel"
"2288","festa"
"2289","figura"
"2290","figurar"
"2291","filosofia"
"2292","fi"
"2293","fina"
"2294","ferm"
"2295","flirtejar"
"2296","forma"
"2297","formal"
"2298","fortalesa"
"2299","fortuna"
"2300","fotografia"
"2301","fracassat"
"2302","fracassada"
"2303","frase"
"2304","fraternitat"
"2305","fresc"
"2306","frondós"
"2307","frondosa"
"2308","funerària"
"2309","fúria"
"2310","afusellar"
"2311","guanyador"
"2312","guanyadora"
"2313","gola"
"2314","despesa"
"2315","generador"
"2316","generadora"
"2317","genuí"
"2318","genuïna"
"2319","giratori"
"2320","giratòria"
"2321","gir"
"2322","colpejar"
"2323","grassor"
"2324","joiós"
"2325","gràcia"
"2326","gràfic"
"2327","gràfica"
"2328","grandiós"
"2329","greix"
"2330","gratis"
"2331","gruix"
"2332","agradar"
"2333","hisenda"
"2334","amuntegament"
"2335","afalagador"
"2336","trobar"
"2337","fam"
"2338","fet"
"2339","gelat"
"2340","ferir"
"2341","hidromassatge"
"2342","inflat"
"2343","folgat"
"2344","profund"
"2345","profunda"
"2346","honrat"
"2347","honrada"
"2348","horrorós"
"2349","horrorosa"
"2350","buit"
"2351","orfe"
"2352","òrfena"
"2353","humanitari"
"2354","humanitària"
"2355","humitejar"
"2356","humit"
"2357","humida"
"2358","humilitat"
"2359","humiliació"
"2360","huracà"
"2361","ideal"
"2362","igual"
"2363","igualar"
"2364","il·lusió"
"2365","il·lusionat"
"2366","il·lusionada"
"2367","il·lusionar"
"2368","imaginació"
"2369","impaciència"
"2370","implantar"
"2371","imposar"
"2372","impossibilitat"
"2373","imprimir"
"2374","imprudent"
"2375","impost"
"2376","incapaç"
"2377","incendiar"
"2378","inconscient"
"2379","increpar"
"2380","incult"
"2381","inculta"
"2382","incurable"
"2383","infància"
"2384","infart"
"2385","infectar"
"2386","infidelitat"
"2387","injúria"
"2388","injuriar"
"2389","injustícia"
"2390","inquietar"
"2391","inscriure"
"2392","insensat"
"2393","insensata"
"2394","inspeccionar"
"2395","instaurar"
"2396","insuficient"
"2397","insultat"
"2398","insultada"
"2399","íntegre"
"2400","íntegra"
"2401","intel·ligent"
"2402","interferir"
"2403","intimidar"
"2404","inventar"
"2405","invicte"
"2406","invicta"
"2407","ira"
"2408","irrespectuós"
"2409","irrespectuosa"
"2410","sabó"
"2411","xeringa"
"2412","jugar"
"2413","just"
"2414","pagès"
"2415","lamentar"
"2416","llançar"
"2417","lapidar"
"2418","llapis"
"2419","fer mal"
"2420","lleialtat"
"2421","lectura"
"2422","llegir"
"2423","legítim"
"2424","legítima"
"2425","talòs"
"2426","lerda"
"2427","lesionar"
"2428","lligar"
"2429","lligui"
"2430","net"
"2431","neta"
"2432","linxar"
"2433","valent"
"2434","bonica"
"2435","línia"
"2436","llest"
"2437","llista"
"2438","lleuger"
"2439","lleugera"
"2440","cridar"
"2441","plor"
"2442","loquaç"
"2443","bogeria"
"2444","aconseguir"
"2445","lluminositat"
"2446","lluminós"
"2447","lluminosa"
"2448","lluna"
"2449","llum"
"2450","test"
"2451","mare"
"2452","matinada"
"2453","malestar"
"2454","malèvol"
"2455","malèvola"
"2456","malgastar"
"2457","dolent"
"2458","mala"
"2459","pudent"
"2460","maltractador"
"2461","maltractadora"
"2462","maltractar"
"2463","malversar"
"2464","deu"
"2465","mar"
"2466","meravellós"
"2467","meravellosa"
"2468","marcar"
"2469","marginació"
"2470","martiri"
"2471","massatge"
"2472","remugar"
"2473","matar"
"2474","mecànic"
"2475","mecànica"
"2476","medalla"
"2477","mitjà"
"2478","meditació"
"2479","mentir"
"2480","mentider"
"2481","berenar"
"2482","metàstasi"
"2483","meticulós"
"2484","meticulosa"
"2485","metralleta"
"2486","metre"
"2487","mimat"
"2488","mimada"
"2489","meitat"
"2490","modular"
"2491","mullat"
"2492","mullada"
"2493","monstre"
"2494","monstruós"
"2495","monstruosa"
"2496","moqueta"
"2497","mossegar"
"2498","mortal"
"2499","moure"
"2500","mostrari"
"2501","munició"
"2502","ninot"
"2503","monyó"
"2504","murmurar"
"2505","mur"
"2506","mutilat"
"2507","mutilada"
"2508","nacional"
"2509","nas"
"2510","nàusea"
"2511","navegar"
"2512","nazi"
"2513","neci"
"2514","nècia"
"2515","negatiu"
"2516","negativa"
"2517","negociar"
"2518","nivell"
"2519","nit"
"2520","nou"
"2521","innovadora"
"2522","nombre"
"2523","oasi"
"2524","objecte"
"2525","odiós"
"2526","odiosa"
"2527","ofensa"
"2528","olorós"
"2529","olorosa"
"2530","oblidar"
"2531","oblit"
"2532","oncologia"
"2533","ondulat"
"2534","ondulada"
"2535","opac"
"2536","opaca"
"2537","operació"
"2538","oprimir"
"2539","pregar"
"2540","original"
"2541","orquídia"
"2542","eruga"
"2543","oscil·lar"
"2544","atalaiar"
"2545","otitis"
"2546","atorgar"
"2547","ovacionar"
"2548","patir"
"2549","paella"
"2550","paisatge"
"2551","paranormal"
"2552","paràsit"
"2553","parcial"
"2554","semblant"
"2555","passejar"
"2556","passeig"
"2557","paüra"
"2558","pet"
"2559","enganxar"
"2560","pentinar"
"2561","barallar"
"2562","perillar"
"2563","perillós"
"2564","perillosa"
"2565","pèl-roig"
"2566","pensió"
"2567","petit"
"2568","petita"
"2569","perdre"
"2570","pèrdua"
"2571","perdonar"
"2572","perfil"
"2573","perfumat"
"2574","perfumada"
"2575","perjudicar"
"2576","perseverar"
"2577","malson"
"2578","pesat"
"2579","pesada"
"2580","peu"
"2581","piropejar"
"2582","floreta"
"2583","piscina"
"2584","plenitud"
"2585","poema"
"2586","polític"
"2587","política"
"2588","pólvora"
"2589","possible"
"2590","positiu"
"2591","positiva"
"2592","precintar"
"2593","prejudici"
"2594","premiar"
"2595","premi"
"2596","preocupar"
"2597","preparat"
"2598","preparada"
"2599","preparar"
"2600","presumit"
"2601","presumida"
"2602","pretensiós"
"2603","provar"
"2604","producte"
"2605","programar"
"2606","prosperar"
"2607","prostituir"
"2608","protegir"
"2609","província"
"2610","psicòpata"
"2611","psicosi"
"2612","punyalada"
"2613","pur"
"2614","purulent"
"2615","pústula"
"2616","gemegós"
"2617","cremar"
"2618","quiet"
"2619","quimioteràpia"
"2620","racial"
"2621","reanimar"
"2622","recalcar"
"2623","rebre"
"2624","reciclar"
"2625","recol·lectar"
"2626","recompensar"
"2627","recriminar"
"2628","intensificar"
"2629","redit"
"2630","repetida"
"2631","reemplaçar"
"2632","referir"
"2633","reformar"
"2634","reforçar"
"2635","refrescant"
"2636","regalar"
"2637","renyar"
"2638","regnar"
"2639","riure"
"2640","relació"
"2641","relaxació"
"2642","relax"
"2643","religiós"
"2644","religiosa"
"2645","remoure"
"2646","renéixer"
"2647","renovar"
"2648","reprendre"
"2649","repugnància"
"2650","repugnar"
"2651","repulsiu"
"2652","repulsiva"
"2653","rescatar"
"2654","respectar"
"2655","respiració"
"2656","respirar"
"2657","resumir"
"2658","rebentar"
"2659","revoltós"
"2660","revoltosa"
"2661","remenar"
"2662","resar"
"2663","ric"
"2664","ridiculitzar"
"2665","ridícul"
"2666","ridícula"
"2667","rialler"
"2668","riallera"
"2669","rival"
"2670","arrissat"
"2671","arrissada"
"2672","robatori"
"2673","robust"
"2674","robusta"
"2675","pregar"
"2676","trencar"
"2677","rosa"
"2678","retolar"
"2679","rude"
"2680","roda"
"2681","roí"
"2682","rural"
"2683","saviesa"
"2684","sacrificar"
"2685","salari"
"2686","sortir"
"2687","saltar"
"2688","salvatge"
"2689","salvar"
"2690","sancionar"
"2691","sagnar"
"2692","sang"
"2693","sa"
"2694","sana"
"2695","satisfacció"
"2696","sauna"
"2697","sec"
"2698","seca"
"2699","segrestar"
"2700","set"
"2701","seducció"
"2702","seduir"
"2703","seductor"
"2704","seductora"
"2705","segellar"
"2706","selva"
"2707","senzill"
"2708","senderisme"
"2709","sensat"
"2710","assenyada"
"2711","sensibilitat"
"2712","sentir"
"2713","separació"
"2714","septentrional"
"2715","serenitat"
"2716","servitud"
"2717","sexualitat"
"2718","migdiada"
"2719","sífilis"
"2720","silenciós"
"2721","silenciosa"
"2722","similar"
"2723","sincer"
"2724","sincera"
"2725","sintàctic"
"2726","sintàctica"
"2727","sistemàtic"
"2728","sistemàtica"
"2729","subornar"
"2730","suborn"
"2731","excel·lent"
"2732","sobresortir"
"2733","sobreviure"
"2734","socórrer"
"2735","solidaritat"
"2736","sanglotar"
"2737","so"
"2738","somriure"
"2739","somriure"
"2740","sorprendre"
"2741","sorpresa"
"2742","assossec"
"2743","sospita"
"2744","sou"
"2745","sòl"
"2746","sort"
"2747","patiment"
"2748","superació"
"2749","subscriure"
"2750","suspens"
"2751","substància"
"2752","ensurt"
"2753","xiuxiuejar"
"2754","murmuri"
"2755","gasiu"
"2756","tacte"
"2757","tasca"
"2758","teatre"
"2759","sostre"
"2760","tecla"
"2761","tema"
"2762","témer"
"2763","temerari"
"2764","temerària"
"2765","temperat"
"2766","temperada"
"2767","temprança"
"2768","temporal"
"2769","tenebrós"
"2770","tenebrosa"
"2771","temptar"
"2772","tendresa"
"2773","terratrèmol"
"2774","terrorisme"
"2775","tètric"
"2776","tètrica"
"2777","text"
"2778","estafat"
"2779","estimada"
"2780","timbre"
"2781","tirania"
"2782","torçar"
"2783","tort"
"2784","torta"
"2785","torejar"
"2786","turment"
"2787","torturat"
"2788","torturada"
"2789","torturar"
"2790","tosc"
"2791","tosca"
"2792","treballador"
"2793","trabajadora"
"2794","trabajar"
"2795","traición"
"2796","tramposo"
"2797","tramposa"
"2798","tranquilidad"
"2799","transferible"
"2800","tránsfuga"
"2801","translúcido"
"2802","translúcida"
"2803","trastorno"
"2804","tristeza"
"2805","triturar"
"2806","triunfador"
"2807","triunfadora"
"2808","triunfar"
"2809","tubería"
"2810","tumbona"
"2811","turbulento"
"2812","turbulenta"
"2813","unión"
"2814","universal"
"2815","vacío"
"2816","vacía"
"2817","vago"
"2818","vaga"
"2819","valor"
"2820","vapor"
"2821","vaso"
"2822","vegetación"
"2823","vejatorio"
"2824","velas"
"2825","vencer"
"2826","verano"
"2827","verbalizar"
"2828","vergüenza"
"2829","versionar"
"2830","viajar"
"2831","viajero"
"2832","viajera"
"2833","victorioso"
"2834","victoriosa"
"2835","viejo"
"2836","vieja"
"2837","violador"
"2838","violadora"
"2839","violar"
"2840","visualizar"
"2841","viudo"
"2842","viuda"
"2843","vocalizar"
"2844","volar"
"2845","voltear"
"2846","voluptuoso"
"2847","voluptuosa"
"2848","votar "
"2849","yoga"
"2850","zopenco"
"2851","zopenca"
"2852","abandonaments"
"2853","abismes"
"2854","abraçades"
"2855","abusos"
"2856","acceptacions"
"2857","voreres"
"2858","acnes"
"2859","aquarel·les"
"2860","adulteris"
"2861","aficions"
"2862","agències"
"2863","aglomeracions"
"2864","aigües"
"2865","agullons"
"2866","alarmes"
"2867","alegries"
"2868","amargors"
"2869","amistats"
"2870","amputacions"
"2871","ansietats"
"2872","aparells"
"2873","aperitius"
"2874","aranyes"
"2875","harmonies"
"2876","aromes"
"2877","arrossos"
"2878","articles"
"2879","atacs"
"2880","embussos"
"2881","taüts"
"2882","àtoms"
"2883","absències"
"2884","rajoles"
"2885","balls"
"2886","balnearis"
"2887","barbes"
"2888","nadons"
"2889","beneficis"
"2890","benestars"
"2891","biquinis"
"2892","xafogors"
"2893","boles"
"2894","boscos"
"2895","botons"
"2896","bromes"
"2897","cadells"
"2898","calaveres"
"2899","càmpings"
"2900","canals"
"2901","canciónes"
"2902","cansaments"
"2903","capes"
"2904","riallades"
"2905","catàstrofes"
"2906","cefalees"
"2907","cegueses"
"2908","cel·les"
"2909","celebracions"
"2910","basses"
"2911","xemeneies"
"2912","llaminadures"
"2913","cinemes"
"2914","cirurgies"
"2915","cites"
"2916","clarors"
"2917","classes"
"2918","clavells"
"2919","coaccions"
"2920","comentaris"
"2921","companyies"
"2922","comprensions"
"2923","comunicacions"
"2924","condemnes"
"2925","conflictes"
"2926","coordinacions"
"2927","coses"
"2928","paneroles"
"2929","contes"
"2930","danses"
"2931","dècades"
"2932","dofins"
"2933","delicadeses"
"2934","delinqüències"
"2935","demències"
"2936","democràcies"
"2937","desnonaments"
"2938","desamors"
"2939","desmais"
"2940","desordres"
"2941","despatxos"
"2942","menyspreus"
"2943","dictadures"
"2944","dificultats"
"2945","disputes"
"2946","distàncies"
"2947","dutxes"
"2948","edicions"
"2949","elements"
"2950","embargaments"
"2951","embòlies"
"2952","energies"
"2953","refredaments"
"2954","enutjos"
"2955","rots"
"2956","escales"
"2957","estabilitats"
"2958","estacions"
"2959","estafes"
"2960","esterilitats"
"2961","eufòries"
"2962","excursions"
"2963","explosions"
"2964","fantasmes"
"2965","farses"
"2966","fes"
"2967","dates"
"2968","felicitats"
"2969","ferrocarrils"
"2970","festes"
"2971","figures"
"2972","filosofies"
"2973","formes"
"2974","fortaleses"
"2975","fortunes"
"2976","fotografies"
"2977","frases"
"2978","fraternitats"
"2979","funeràries"
"2980","fúries"
"2981","goles"
"2982","despeses"
"2983","girs"
"2984","gorduras"
"2985","gràcies"
"2986","hisendes"
"2987","amuntegaments"
"2988","fams"
"2989","fets"
"2990","gelats"
"2991","hidromassatges"
"2992","buits"
"2993","humilitats"
"2994","humiliacions"
"2995","huracans"
"2996","il·lusions"
"2997","imaginacions"
"2998","impaciències"
"2999","impossibilitats"
"3000","impostos"
"3001","infàncies"
"3002","infarts"
"3003","infidelitats"
"3004","injúries"
"3005","injustícies"
"3006","ires"
"3007","sabons"
"3008","xeringues"
"3009","lleialtats"
"3010","lectures"
"3011","lliguis"
"3012","línies"
"3013","plors"
"3014","bogeries"
"3015","lluminositats"
"3016","llunes"
"3017","llums"
"3018","testos"
"3019","mares"
"3020","matinades"
"3021","malestars"
"3022","deus"
"3023","mars"
"3024","marginacions"
"3025","martiris"
"3026","massatges"
"3027","medalles"
"3028","meditacions"
"3029","berenars"
"3030","metralletes"
"3031","metres"
"3032","meitats"
"3033","monstres"
"3034","moquetes"
"3035","mostraris"
"3036","municions"
"3037","ninots"
"3038","monyons"
"3039","murs"
"3040","nassos"
"3041","nàusees"
"3042","nivells"
"3043","nits"
"3044","nombres"
"3045","objectes"
"3046","ofenses"
"3047","oblits"
"3048","oncologías"
"3049","Operaciónes"
"3050","orquídies"
"3051","erugues"
"3052","paelles"
"3053","paisatges"
"3054","passejades"
"3055","pavores"
"3056","pets"
"3057","pensions"
"3058","pèrdues"
"3059","perfils"
"3060","malsons"
"3061","peus"
"3062","floretes"
"3063","piscines"
"3064","plenituds"
"3065","poemes"
"3066","pólvores"
"3067","prejudicis"
"3068","premis"
"3069","productes"
"3070","províncies"
"3071","punyalades"
"3072","pústules"
"3073","quimioteràpies"
"3074","relacions"
"3075","relaxacions"
"3076","repugnàncies"
"3077","respiracions"
"3078","rivals"
"3079","robatoris"
"3080","rodes"
"3081","savieses"
"3082","salaris"
"3083","sangs"
"3084","satisfaccions"
"3085","saunes"
"3086","seus"
"3087","seduccions"
"3088","selves"
"3089","senderismos"
"3090","sensibilitats"
"3091","separacions"
"3092","serenidades"
"3093","servituds"
"3094","sexualitats"
"3095","migdiades"
"3096","suborns"
"3097","solidaritats"
"3098","sons"
"3099","somriures"
"3100","sorpreses"
"3101","assossecs"
"3102","sospites"
"3103","sous"
"3104","sòls"
"3105","sorts"
"3106","patiments"
"3107","superacions"
"3108","substàncies"
"3109","ensurts"
"3110","murmuris"
"3111","tactes"
"3112","tasques"
"3113","teatres"
"3114","sostres"
"3115","tecles"
"3116","temes"
"3117","templanzas"
"3118","tendreses"
"3119","terratrèmols"
"3120","terrorismes"
"3121","textos"
"3122","timbres"
"3123","tiranies"
"3124","turments"
"3125","traïcions"
"3126","tranquil·litats"
"3127","trànsfugues"
"3128","trastorns"
"3129","tristeses"
"3130","canonades"
"3131","gandules"
"3132","unions"
"3133","valors"
"3134","vapors"
"3135","gots"
"3136","vegetacions"
"3137","espelmes"
"3138","estius"
"3139","vergonyes"
"3140","ioges"
"3141","adulterats"
"3142","famosos"
"3143","afectuosos"
"3144","encoratjadors"
"3145","alterats"
"3146","alterades"
"3147","amenaçats"
"3148","amenaçades"
"3149","amenaçadors"
"3150","amenaçadores"
"3151","amplis"
"3152","àmplies"
"3153","apaivagats"
"3154","apassionats"
"3155","apassionades"
"3156","pudents"
"3157","arriscats"
"3158","arriscades"
"3159","artístics"
"3160","artístiques"
"3161","astuts"
"3162","atmosfèrics"
"3163","atmosfèriques"
"3164","atontats"
"3165","atontades"
"3166","atordits"
"3167","aversius"
"3168","aversives"
"3169","espavilats"
"3170","espavilades"
"3171","bells"
"3172","belles"
"3173","binaris"
"3174","binàries"
"3175","bondadosos"
"3176","bondadoses"
"3177","borrosos"
"3178","borroses"
"3179","caducats"
"3180","caducades"
"3181","calmats"
"3182","calmades"
"3183","calmants"
"3184","capritxosos"
"3185","capritxoses"
"3186","carismàtics"
"3187","carismàtiques"
"3188","cauts"
"3189","cautes"
"3190","graciosos"
"3191","chistosas"
"3192","xifrats"
"3193","xifrades"
"3194","colorits"
"3195","vermelles"
"3196","compassius"
"3197","compassives"
"3198","competents"
"3199","competitius"
"3200","competitives"
"3201","complaguts"
"3202","complagudes"
"3203","comunicatius"
"3204","comunicatives"
"3205","confosos"
"3206","confoses"
"3207","crèduls"
"3208","crèdules"
"3209","creguts"
"3210","cregudes"
"3211","nocius"
"3212","nocives"
"3213","deliciosos"
"3214","delicioses"
"3215","desagradables"
"3216","desnonats"
"3217","desnonades"
"3218","desfavorables"
"3219","clars"
"3220","buidades"
"3221","desperts"
"3222","joiosos"
"3223","diminuts"
"3224","diminutes"
"3225","disposats"
"3226","disposades"
"3227","divertits"
"3228","divertides"
"3229","elevats"
"3230","elevades"
"3231","el·líptics"
"3232","el·líptiques"
"3233","encadenats"
"3234","encadenades"
"3235","enganyats"
"3236","enganyades"
"3237","enriquidors"
"3238","enriquidores"
"3239","entusiasmats"
"3240","entusiasmades"
"3241","esmunyedissos"
"3242","esmunyedisses"
"3243","espacials"
"3244","espessos"
"3245","espesses"
"3246","esplèndids"
"3247","esplèndides"
"3248","estables"
"3249","estrictes"
"3250","reeixits"
"3251","reeixides"
"3252","extensos"
"3253","extenses"
"3254","fantàstics"
"3255","fantàstiques"
"3256","formals"
"3257","frondosos"
"3258","frondoses"
"3259","genuïns"
"3260","genuïnes"
"3261","joiosos"
"3262","grandiosos"
"3263","gratises"
"3264","afalagadors"
"3265","folgats"
"3266","folgades"
"3267","honrats"
"3268","honrades"
"3269","horrorosos"
"3270","horroroses"
"3271","humanitaris"
"3272","humanitàries"
"3273","il·lusionats"
"3274","il·lusionades"
"3275","incapaços"
"3276","incultes"
"3277","insuficients"
"3278","insultats"
"3279","insultades"
"3280","íntegres"
"3281","intel·ligents"
"3282","irrespectuosos"
"3283","irrespectuoses"
"3284","llestos"
"3285","llistes"
"3286","lluminosos"
"3287","lluminoses"
"3288","malèvols"
"3289","malèvoles"
"3290","pudents"
"3291","meravellosos"
"3292","meravelloses"
"3293","monstruosos"
"3294","monstruoses"
"3295","nous"
"3296","noves"
"3297","odiosos"
"3298","odioses"
"3299","ondulats"
"3300","ondulades"
"3301","paranormals"
"3302","perillosos"
"3303","perilloses"
"3304","perfumats"
"3305","perfumades"
"3306","pretensiosos"
"3307","purulents"
"3308","queixosos"
"3309","quiets"
"3310","racials"
"3311","redichos"
"3312","redichas"
"3313","refrescants"
"3314","religiosos"
"3315","religioses"
"3316","repulsius"
"3317","repulsives"
"3318","riallers"
"3319","rialleres"
"3320","robustos"
"3321","robustes"
"3322","rudes"
"3323","rurals"
"3324","sensats"
"3325","sensates"
"3326","septentrionals"
"3327","silenciosos"
"3328","silencioses"
"3329","similars"
"3330","sincers"
"3331","sinceres"
"3332","sintàctics"
"3333","sintàctiques"
"3334","temperats"
"3335","temperades"
"3336","tenebrosos"
"3337","tenebroses"
"3338","tètrics"
"3339","tètriques"
"3340","estafats"
"3341","estimades"
"3342","torturats"
"3343","torturades"
"3344","toscs"
"3345","tosques"
"3346","transferibles"
"3347","triomfadors"
"3348","triomfadores"
"3349","vexatoris"
"3350","oberts"
"3351","obertes"
"3352","acollidors"
"3353","acollidores"
"3354","aquàtics"
"3355","aquàtiques"
"3356","alts"
"3357","altes"
"3358","amistosos"
"3359","amistoses"
"3360","amples"
"3361","antiquats"
"3362","antiquades"
"3363","antics"
"3364","antipàtics"
"3365","atractius"
"3366","autèntics"
"3367","aventurers"
"3368","llimacs"
"3369","bonics"
"3370","boniques"
"3371","calmes"
"3372","cartesians"
"3373","cartesianes"
"3374","jaqueters"
"3375","chaqueteras"
"3376","xivatos"
"3377","chivatas"
"3378","xulos"
"3379","xules"
"3380","cobdiciosos"
"3381","cobdicioses"
"3382","còmics"
"3383","còmiques"
"3384","còmodes"
"3385","confidents"
"3386","congelats"
"3387","congelades"
"3388","conscients"
"3389","contents"
"3390","contentars"
"3391","contraris"
"3392","contràries"
"3393","creatius"
"3394","creatives"
"3395","quadrats"
"3396","quadrades"
"3397","cultes"
"3398","decoros"
"3399","prims"
"3400","primes"
"3401","desconsiderats"
"3402","desconsiderades"
"3403","deserts"
"3404","despistats"
"3405","despistades"
"3406","dinàmics"
"3407","discrets"
"3408","discretes"
"3409","distrets"
"3410","distretes"
"3411","domèstics"
"3412","domèstiques"
"3413","dormilegues"
"3414","Dormilonas"
"3415","drogoaddictes"
"3416","nans"
"3417","nanes"
"3418","encantadors"
"3419","encantadores"
"3420","somnis"
"3421","sencers"
"3422","senceres"
"3423","envejosos"
"3424","envejoses"
"3425","espontanis"
"3426","espontànies"
"3427","estrets"
"3428","estretes"
"3429","estudiosos"
"3430","estudioses"
"3431","explosius"
"3432","explosives"
"3433","favorits"
"3434","favorites"
"3435","fecunds"
"3436","fecundes"
"3437","fidels"
"3438","fins"
"3439","fines"
"3440","ferms"
"3441","fracassats"
"3442","fracassades"
"3443","frescos"
"3444","guanyadors"
"3445","guanyadores"
"3446","generadors"
"3447","generadores"
"3448","giratoris"
"3449","giratòries"
"3450","gràfics"
"3451","gràfiques"
"3452","greixos"
"3453","gruixuts"
"3454","inflats"
"3455","profunds"
"3456","fondes"
"3457","orfes"
"3458","òrfenes"
"3459","humits"
"3460","humides"
"3461","ideals"
"3462","iguals"
"3463","imprudents"
"3464","inconscients"
"3465","incurables"
"3466","insensats"
"3467","insensates"
"3468","invictes"
"3469","justos"
"3470","pagesos"
"3471","legítims"
"3472","legítimes"
"3473","maldestres"
"3474","lerdas"
"3475","nets"
"3476","netes"
"3477","bonics"
"3478","boniques"
"3479","lleugers"
"3480","lleugeres"
"3481","loquaços"
"3482","mals"
"3483","males"
"3484","maltractadors"
"3485","maltractadores"
"3486","mecànics"
"3487","mecàniques"
"3488","mitjans"
"3489","mentiders"
"3490","meticulosos"
"3491","meticuloses"
"3492","mimats"
"3493","mimades"
"3494","mullats"
"3495","mullades"
"3496","mortals"
"3497","mutilats"
"3498","mutilades"
"3499","nacionals"
"3500","nazis"
"3501","necis"
"3502","nècies"
"3503","negatius"
"3504","negatives"
"3505","olorosos"
"3506","oloroses"
"3507","opacs"
"3508","opaques"
"3509","originals"
"3510","paràsits"
"3511","parcials"
"3512","semblants"
"3513","pèl-rojos"
"3514","petits"
"3515","petites"
"3516","pesats"
"3517","pesades"
"3518","polítics"
"3519","polítiques"
"3520","possibles"
"3521","positius"
"3522","positives"
"3523","preparats"
"3524","preparades"
"3525","presumits"
"3526","presumides"
"3527","psicòpates"
"3528","purs"
"3529","revoltosos"
"3530","revoltoses"
"3531","rics"
"3532","ridículs"
"3533","ridícules"
"3534","arrissats"
"3535","arrissades"
"3536","roses"
"3537","roïns"
"3538","salvatges"
"3539","sans"
"3540","sanes"
"3541","secs"
"3542","seques"
"3543","seductors"
"3544","seductores"
"3545","senzills"
"3546","sistemàtics"
"3547","sistemàtiques"
"3548","excel·lents"
"3549","suspesos"
"3550","garrepes"
"3551","temeraris"
"3552","temeràries"
"3553","temporals"
"3554","torts"
"3555","tortes"
"3556","treballadors"
"3557","treballadores"
"3558","tramposos"
"3559","tramposes"
"3560","translúcids"
"3561","translúcides"
"3562","turbulents"
"3563","turbulentes"
"3564","universals"
"3565","buits"
"3566","buides"
"3567","vagues"
"3568","viatgers"
"3569","viatgeres"
"3570","victoriosos"
"3571","victorioses"
"3572","vells"
"3573","velles"
"3574","violadors"
"3575","violadores"
"3576","vidus"
"3577","vídues"
"3578","voluptuosos"
"3579","voluptuoses"
"3580","capsigranys"
"3581","abandonment"
"3582","take down"
"3583","open"
"3584","abyss"
"3585","hug"
"3586","get angry"
"3587","abuse"
"3588","caress"
"3589","comply with"
"3590","acceptance"
"3591","sidewalk"
"3592","acclaim"
"3593","acne"
"3594","cozy"
"3595","harass"
"3596","act"
"3597","watercolor"
"3598","aquatic"
"3599","stab"
"3600","accuse"
"3601","admire"
"3602","adulterated"
"3603","adultery"
"3604","advise"
"3605","famous"
"3606","affectionate"
"3607","hobby"
"3608","agency"
"3609","conglomerate"
"3610","fade"
"3611","please"
"3612","assault"
"3613","water"
"3614","sting"
"3615","choke"
"3616","hang"
"3617","praise"
"3618","alarm"
"3619","alarm"
"3620","cheer up"
"3621","happiness"
"3622","encouraging"
"3623","tile"
"3624","feed"
"3625","annoyed"
"3626","tall"
"3627","allude "
"3628","love"
"3629","bitterness"
"3630","threated"
"3631","threatening"
"3632","threaten"
"3633","friendship"
"3634","friendly"
"3635","gag"
"3636","broad"
"3637","amputatation"
"3638","wide"
"3639","anchor"
"3640","encourage"
"3641","annihilate"
"3642","anorexia"
"3643","write down"
"3644","anxiety"
"3645","outdated"
"3646","antique"
"3647","unpleasant "
"3648","soothed"
"3649","device"
"3650","passionate"
"3651","appendicitis"
"3652","appetizer"
"3653","stinky"
"3654","pile up"
"3655","smash"
"3656","applaude"
"3657","applause"
"3658","nickname"
"3659","pass "
"3660","spider"
"3661","assemble"
"3662","harmony"
"3663","scent"
"3664","devastate"
"3665","risky"
"3666","bring closer"
"3667","carry away"
"3668","rice"
"3669","ruin"
"3670","article"
"3671","artistic"
"3672","to rob"
"3673","astonish"
"3674","clever"
"3675","scare"
"3676","attack"
"3677","attack"
"3678","get dark"
"3679","traffic jam"
"3680","coffin"
"3681","frighten"
"3682","pay attention"
"3683","terrify"
"3684","terrorise"
"3685","atmospheric"
"3686","atom"
"3687","scatterbrained"
"3688","screw"
"3689","mug"
"3690","attractive"
"3691","go through"
"3692","stunned"
"3693","absence"
"3694","authentic"
"3695","aid"
"3696","adventurous"
"3697","aversive"
"3698","sharp"
"3699","tile"
"3700","slug"
"3701","dance"
"3702","dance"
"3703","spa"
"3704","beard"
"3705","baby"
"3706","beautiful"
"3707","profit"
"3708","kiss"
"3709","well-being"
"3710","bikini"
"3711","binary"
"3712","embarrassment"
"3713","ball"
"3714","bomb"
"3715","kind"
"3716","pretty"
"3717","blurred"
"3718","forest"
"3719","button"
"3720","jump"
"3721","joke"
"3722","puppy"
"3723","expired"
"3724","fall"
"3725","skull"
"3726","heat"
"3727","calm"
"3728","calmed"
"3729","painkiller"
"3730","camping"
"3731","channel"
"3732","song"
"3733","tiredness"
"3734","sing"
"3735","cape"
"3736","capricious"
"3737","guffaw"
"3738","charismatic"
"3739","cartesian"
"3740","to punish"
"3741","catastrophe"
"3742","wary"
"3743","hunt"
"3744","headache"
"3745","blidness"
"3746","cell"
"3747","celebration"
"3748","celebrate"
"3749","cellulite"
"3750","turncoat"
"3751","pond"
"3752","chat"
"3753","fireplace"
"3754","humoruous"
"3755","snitch"
"3756","candy"
"3757","pimp"
"3758","coded"
"3759","cinema"
"3760","surgery"
"3761","date"
"3762","clarity"
"3763","class"
"3764","carnation"
"3765","coercion"
"3766","coerce"
"3767","cash"
"3768","boil"
"3769","greedy"
"3770","red-colored"
"3771","comment"
"3772","begin"
"3773","comedian"
"3774","comfortable"
"3775","pity"
"3776","company"
"3777","share"
"3778","compassionate"
"3779","competent"
"3780","competitive"
"3781","please"
"3782","pleased"
"3783","understanding"
"3784","communication "
"3785","communicative"
"3786","condemnation"
"3787","informer"
"3788","conflict"
"3789","confused"
"3790","frozen"
"3791","know"
"3792","aware"
"3793","obtain"
"3794","keep"
"3795","satisfy "
"3796","happy"
"3797","opposite"
"3798","cooperate"
"3799","coordination"
"3800","flirt"
"3801","run "
"3802","corrupt"
"3803","thing"
"3804","creative"
"3805","grow"
"3806","gullible "
"3807","vain"
"3808","crisis"
"3809","square"
"3810","cockroach"
"3811","story"
"3812","take care"
"3813","cult"
"3814","dance"
"3815","damage"
"3816","harmful"
"3817","give"
"3818","decade"
"3819","decapitate"
"3820","decide"
"3821","propriety"
"3822","defend"
"3823","slit"
"3824","dolphin"
"3825","thin"
"3826","fineness"
"3827","delicious"
"3828","crime"
"3829","dementia"
"3830","democracy"
"3831","denigrate"
"3832","refer to"
"3833","pull down"
"3834","demolish"
"3835","defy"
"3836","disagreeable"
"3837","evicted"
"3838","to evict"
"3839","eviction"
"3840","dislike "
"3841","bleed out"
"3842","rest"
"3843","inconsiderate"
"3844","desire"
"3845","unscrew"
"3846","dig up"
"3847","unfavorable"
"3848","desert"
"3849","faint"
"3850","disobey"
"3851","skin"
"3852","mess"
"3853","serve"
"3854","office"
"3855","clear"
"3856","awake"
"3857","absentminded"
"3858","disdain"
"3859","stand out"
"3860","exile"
"3861","destroy"
"3862","devastate"
"3863","diabetes"
"3864","fortunate"
"3865","dictatorship"
"3866","to defame"
"3867","difficulty"
"3868","tiny"
"3869","dynamic"
"3870","discreet"
"3871","to enjoy"
"3872","fire"
"3873","ready"
"3874","argument"
"3875","distance"
"3876","distracted"
"3877","funny"
"3878","entertain"
"3879","domestic"
"3880","donate"
"3881","sleepyhead"
"3882","drug addict"
"3883","shower"
"3884","to double"
"3885","edition"
"3886","execute"
"3887","electrocute"
"3888","choose"
"3889","element"
"3890","high"
"3891","elliptical"
"3892","box up"
"3893","seizure"
"3894","charge at"
"3895","embolism"
"3896","pack"
"3897","tie "
"3898","use"
"3899","uplift"
"3900","love"
"3901","dwarf"
"3902","chained"
"3903","charming"
"3904","love"
"3905","find"
"3906","harden"
"3907","energy"
"3908","piss off"
"3909","make ill"
"3910","cooling"
"3911","infuriate"
"3912","deceived"
"3913","deceive"
"3914","cajole"
"3915","gain weight"
"3916","increase"
"3917","annoyance"
"3918","enriching"
"3919","enrich "
"3920","screw"
"3921","daydream"
"3922","understand"
"3923","whole"
"3924","bury"
"3925","enthusiastic"
"3926","excite"
"3927","poison"
"3928","send"
"3929","envious"
"3930","burp"
"3931","to sketch"
"3932","stairs"
"3933","enslave"
"3934","spit"
"3935","slippery"
"3936","spatial"
"3937","scare away"
"3938","dense"
"3939","magnificent"
"3940","spontaneous"
"3941","outline"
"3942","shear"
"3943","stability"
"3944","stable"
"3945","station"
"3946","to park"
"3947","scam"
"3948","burst"
"3949","infertility"
"3950","strangle "
"3951","narrow"
"3952","strict"
"3953","to study"
"3954","studious"
"3955","euphoria"
"3956","exaggerate"
"3957","excite"
"3958","trip"
"3959","successful"
"3960","to explain"
"3961","explosion"
"3962","explosive"
"3963","express"
"3964","wide"
"3965","exterminate"
"3966","outsource"
"3967","pass away"
"3968","falsify"
"3969","ghost"
"3970","fantastic"
"3971","sham"
"3972","favorite"
"3973","faith"
"3974","date"
"3975","fertile"
"3976","happiness"
"3977","congratulate"
"3978","railway"
"3979","celebrate"
"3980","faithful"
"3981","party"
"3982","figure"
"3983","figure"
"3984","philosophy"
"3985","fine"
"3986","firm"
"3987","flirt"
"3988","shape"
"3989","formal"
"3990","fortress"
"3991","fortune"
"3992","photography"
"3993","loser"
"3994","sentence"
"3995","fraternity"
"3996","fresh"
"3997","lush"
"3998","funeral parlor"
"3999","fury"
"4000","shoot"
"4001","winner"
"4002","throat"
"4003","expense"
"4004","generator"
"4005","genuine"
"4006","revolving"
"4007","turn"
"4008","hit"
"4009","fatness"
"4010","joyful"
"4011","flair"
"4012","graphic"
"4013","grandiose"
"4014","grease"
"4015","free"
"4016","thick"
"4017","like"
"4018","tax office"
"4019","overcrowding"
"4020","flattering"
"4021","discover"
"4022","hunger"
"4023","fact"
"4024","ice cream"
"4025","wound"
"4026","jacuzzi"
"4027","swelled"
"4028","loose"
"4029","deep"
"4030","honest"
"4031","dreadful"
"4032","gap"
"4033","orphan"
"4034","humanitarian"
"4035","moisten"
"4036","moist"
"4037","humbleness"
"4038","humiliation"
"4039","hurricane"
"4040","ideal"
"4041","equal"
"4042","equalise"
"4043","hope"
"4044","thilled"
"4045","excite"
"4046","imagination"
"4047","impatience"
"4048","implant"
"4049","impose"
"4050","impossibility"
"4051","print"
"4052","imrpudent"
"4053","tax"
"4054","incapable"
"4055","set fire"
"4056","unconscious"
"4057","tell off"
"4058","uneducated"
"4059","incurable"
"4060","childhood"
"4061","heart attack"
"4062","infect"
"4063","infidelity"
"4064","insult"
"4065","insult"
"4066","injustice"
"4067","worry"
"4068","record"
"4069","foolish"
"4070","examine"
"4071","establish"
"4072","unsatisfactory"
"4073","insulted / offended"
"4074","upright"
"4075","intelligent"
"4076","interfere"
"4077","intimidate"
"4078","invent"
"4079","undefeated"
"4080","rage"
"4081","disrespectful"
"4082","soap"
"4083","syringe"
"4084","play"
"4085","fair"
"4086","farmer"
"4087","regret"
"4088","throw"
"4089","stone"
"4090","pencil"
"4091","harm"
"4092","loyalty"
"4093","reading"
"4094","read"
"4095","legitimate"
"4096","dumb"
"4097","injure"
"4098","make out with"
"4099","fling"
"4100","clean"
"4101","lynch"
"4102","cute"
"4103","line"
"4104","smart "
"4105","smart"
"4106","light"
"4107","call"
"4108","cry"
"4109","talkative"
"4110","madness"
"4111","achieve"
"4112","brightness"
"4113","bright"
"4114","moon"
"4115","light"
"4116","flowerpot"
"4117","mother"
"4118","getting up early"
"4119","uneasiness"
"4120","wicked"
"4121","waste"
"4122","bad"
"4123","stinking"
"4124","bully"
"4125","mistreat"
"4126","embezzle"
"4127","natural spring"
"4128","sea"
"4129","wonderful"
"4130","mark"
"4131","marginalizartion"
"4132","martyrdom"
"4133","massage"
"4134","mumble"
"4135","kill"
"4136","mechanic"
"4137","medal"
"4138","middle"
"4139","meditation"
"4140","lie"
"4141","liar"
"4142","snack"
"4143","metastasis"
"4144","meticulous"
"4145","submachine gun"
"4146","subway"
"4147","spoiled"
"4148","half"
"4149","modulate"
"4150","wet"
"4151","monster"
"4152","mostruoso"
"4153","carpet"
"4154","bite"
"4155","mortal"
"4156","move"
"4157","sampling"
"4158","ammunition"
"4159","doll"
"4160","stump"
"4161","murmur"
"4162","wall"
"4163","amputee"
"4164","national"
"4165","nose"
"4166","nausea"
"4167","navigate"
"4168","nazi"
"4169","fool"
"4170","negative"
"4171","negotiate"
"4172","level"
"4173","night"
"4174","new"
"4175","number"
"4176","oasis"
"4177","object"
"4178","hateful"
"4179","offense"
"4180","fragrant"
"4181","to forget"
"4182","forget"
"4183","oncology"
"4184","wavy"
"4185","opaque"
"4186","operation"
"4187","oppress"
"4188","pray"
"4189","original"
"4190","orchid"
"4191","caterpillar"
"4192","toscillate"
"4193","watch over"
"4194","otitis"
"4195","grant"
"4196","cheer"
"4197","suffer"
"4198","paella"
"4199","landscape"
"4200","paranormal"
"4201","parasite"
"4202","partial"
"4203","similarity "
"4204","to walk"
"4205","stroll "
"4206","dread"
"4207","fart"
"4208","to hit"
"4209","comb "
"4210","fight"
"4211","be in danger"
"4212","dangerous"
"4213","redhead"
"4214","hostel"
"4215","small"
"4216","loose"
"4217","loss"
"4218","forgive"
"4219","profile"
"4220","perfumed"
"4221","damage"
"4222","persevere"
"4223","nightmare"
"4224","heavy"
"4225","foot"
"4226","flatter"
"4227","flirtatious remark"
"4228","swimming pool"
"4229","fullness"
"4230","poem"
"4231","politician"
"4232","gunpowder"
"4233","possible"
"4234","positive"
"4235","close off"
"4236","prejudice"
"4237","award"
"4238","award"
"4239","worry"
"4240","qualified"
"4241","prepare"
"4242","boastfull"
"4243","conceited"
"4244","try"
"4245","product"
"4246","program"
"4247","thrive"
"4248","prostitute"
"4249","protect"
"4250","province"
"4251","psychopath"
"4252","psychosis"
"4253","stab"
"4254","cigar "
"4255","purulent"
"4256","pustule"
"4257","cranky"
"4258","burn"
"4259","still"
"4260","chemotherapy"
"4261","racial"
"4262","revive"
"4263","emphasize "
"4264","receive"
"4265","recycle"
"4266","gather"
"4267","reward"
"4268","reproach"
"4269","worsen"
"4270","pretentious"
"4271","replace"
"4272","refer"
"4273","remodel"
"4274","reinforce"
"4275","refreshing"
"4276","gift"
"4277","scold"
"4278","reign "
"4279","laugh"
"4280","relationship"
"4281","relaxation"
"4282","relax"
"4283","religious"
"4284","remove"
"4285","reborn"
"4286","renew"
"4287","reprimand"
"4288","revulsion"
"4289","disgust "
"4290","repulsive"
"4291","rescue"
"4292","respect"
"4293","breathing"
"4294","breathe"
"4295","sum up"
"4296","burst"
"4297","naughty"
"4298","stir"
"4299","pray"
"4300","rich"
"4301","ridicule"
"4302","ridiculous"
"4303","smiley"
"4304","rival"
"4305","curly"
"4306","theft"
"4307","robust"
"4308","beg"
"4309","break"
"4310","rose"
"4311","label"
"4312","rough"
"4313","wheel"
"4314","despicable"
"4315","rural"
"4316","wisdom"
"4317","sacrifice"
"4318","salary"
"4319","leave"
"4320","stir fry"
"4321","wild"
"4322","save"
"4323","penalize"
"4324","bleed"
"4325","blood"
"4326","healthy"
"4327","satisfaction"
"4328","sauna"
"4329","dry"
"4330","kidnap"
"4331","thirst"
"4332","seduction"
"4333","seduce"
"4334","seductive"
"4335","seal "
"4336","jungle"
"4337","simple"
"4338","hiking"
"4339","sensible"
"4340","sensitivity"
"4341","feel "
"4342","separation"
"4343","northern"
"4344","serenity"
"4345","servants"
"4346","sexuality"
"4347","nap"
"4348","syphilis"
"4349","silent"
"4350","similar"
"4351","sincere"
"4352","syntactic"
"4353","systematic"
"4354","bribe"
"4355","bribery"
"4356","outstanding"
"4357","stand out"
"4358","survive"
"4359","help"
"4360","solidarity"
"4361","sob"
"4362","sound"
"4363","smile"
"4364","smile"
"4365","surprise"
"4366","surprise"
"4367","calm"
"4368","suspicion"
"4369","wage"
"4370","floor"
"4371","luck"
"4372","suffering"
"4373","improvement"
"4374","subscribe to"
"4375","fail"
"4376","substance"
"4377","scare"
"4378","whisper"
"4379","whispering"
"4380","stingy"
"4381","touch"
"4382","task"
"4383","theatre"
"4384","ceiling"
"4385","key"
"4386","theme"
"4387","fear"
"4388","reckless"
"4389","lukewarm"
"4390","temperance"
"4391","temporary"
"4392","sinister"
"4393","tempt"
"4394","tenderness"
"4395","earthquake"
"4396","terrorism"
"4397","gloomy"
"4398","text"
"4399","tricked"
"4400","bell"
"4401","tyranny"
"4402","twist"
"4403","twisted"
"4404","bull fight"
"4405","torment"
"4406","tortured"
"4407","torture"
"4408","coarse"
"4409","worker"
"4410","work"
"4411","treason"
"4412","cheater"
"4413","tranquility"
"4414","transferable"
"4415","fugitive"
"4416","translucent"
"4417","disorder"
"4418","sadness"
"4419","grind"
"4420","winner"
"4421","triumph"
"4422","pipeline"
"4423","deck chair"
"4424","turbulent"
"4425","union"
"4426","universal"
"4427","empty"
"4428","lazy"
"4429","courage"
"4430","steam"
"4431","glass"
"4432","vegetation"
"4433","hurtful"
"4434","candles"
"4435","beat"
"4436","summer"
"4437","to verbalize"
"4438","shame"
"4439","adapt"
"4440","travel"
"4441","traveler"
"4442","victorious"
"4443","old"
"4444","rapist"
"4445","rape"
"4446","visualize"
"4447","widow"
"4448","enunciate"
"4449","fly"
"4450","tur"
"4451","voluptuous"
"4452","vote"
"4453","yoga"
"4454","stupid"
"4455","abandonments"
"4456","abysses"
"4457","hugs"
"4458","abuses"
"4459","acceptances"
"4460","sidewalks"
"4461","acnes"
"4462","watercolors"
"4463","adulteries"
"4464","hobbies"
"4465","agencies"
"4466","conglomerates"
"4467","waters"
"4468","stings"
"4469","alarms"
"4470","happinesses"
"4471","bitternesses"
"4472","friendships"
"4473","amputations"
"4474","anorexias"
"4475","anxieties"
"4476","devices"
"4477","appendicitises"
"4478","appetizers"
"4479","applauses"
"4480","spiders"
"4481","harmonies"
"4482","scents"
"4483","rices"
"4484","articles"
"4485","attacks"
"4486","traffic jams"
"4487","coffins"
"4488","atoms"
"4489","absences"
"4490","tiles"
"4491","dances"
"4492","spas"
"4493","beards"
"4494","babies"
"4495","profits"
"4496","well-beings"
"4497","bikinis"
"4498","embarrassments"
"4499","balls"
"4500","forests"
"4501","buttons"
"4502","jokes"
"4503","puppies"
"4504","skulls"
"4505","campings"
"4506","channels"
"4507","songs"
"4508","tirednesses"
"4509","capes"
"4510","guffaws"
"4511","catastrophes"
"4512","headaches"
"4513","blindnesses"
"4514","cells"
"4515","celebrations"
"4516","cellulites"
"4517","ponds"
"4518","fireplaces"
"4519","candies"
"4520","cinemas"
"4521","surgeries"
"4522","dates"
"4523","clarities"
"4524","classes"
"4525","carnations"
"4526","coercions"
"4527","comments"
"4528","companies"
"4529","understandings"
"4530","communication s"
"4531","condemnations"
"4532","conflicts"
"4533","coordinations"
"4534","things"
"4535","crises"
"4536","cockroaches"
"4537","stories"
"4538","dances"
"4539","decades"
"4540","dolphins"
"4541","finenesses"
"4542","crimes"
"4543","dementias"
"4544","democracies"
"4545","evictions"
"4546","dislikes"
"4547","faints"
"4548","messes"
"4549","offices"
"4550","disdains"
"4551","dictatorships"
"4552","difficulties"
"4553","arguments"
"4554","distances"
"4555","showers"
"4556","editions"
"4557","elements"
"4558","seizures"
"4559","embolisms"
"4560","energies"
"4561","coolings"
"4562","annoyances"
"4563","burps"
"4564","stabilities"
"4565","stations"
"4566","scams"
"4567","infertilities"
"4568","euphorias"
"4569","trips"
"4570","explosions"
"4571","ghosts"
"4572","shams"
"4573","faiths"
"4574","dates"
"4575","happinesses"
"4576","railways"
"4577","parties"
"4578","figures"
"4579","philosophies"
"4580","shapes"
"4581","fortresses"
"4582","fortunes"
"4583","photographies"
"4584","sentences"
"4585","fraternities"
"4586","funeral parlors"
"4587","furies"
"4588","throats"
"4589","expenses"
"4590","turns"
"4591","fatnesses"
"4592","flairs"
"4593","tax offices"
"4594","hungers"
"4595","facts"
"4596","ice creams"
"4597","Jacuzzis"
"4598","gaps"
"4599","humblenesses"
"4600","humiliations"
"4601","hurricanes"
"4602","hopes"
"4603","imaginations"
"4604","impatiences"
"4605","impossibilities"
"4606","taxes"
"4607","childhoods"
"4608","heart attacks"
"4609","infidelities"
"4610","insults"
"4611","injustices"
"4612","rages"
"4613","soaps"
"4614","syringes"
"4615","pencils"
"4616","loyalties"
"4617","readings"
"4618","flings"
"4619","lines"
"4620","cries"
"4621","madnesses"
"4622","brightnesses"
"4623","moons"
"4624","lights"
"4625","flowerpots"
"4626","mothers"
"4627","getting up earlies"
"4628","uneasinesses"
"4629","natural springs"
"4630","seas"
"4631","marginalizations"
"4632","martyrdoms"
"4633","massages"
"4634","medals"
"4635","meditations"
"4636","snacks"
"4637","metastases"
"4638","submachine guns"
"4639","subways"
"4640","halves"
"4641","monsters"
"4642","carpets"
"4643","samplings"
"4644","ammunitions"
"4645","dolls"
"4646","stumps"
"4647","walls"
"4648","noses"
"4649","nauseas"
"4650","levels"
"4651","nights"
"4652","numbers"
"4653","oases"
"4654","objects"
"4655","offenses"
"4656","forgets"
"4657","oncologies"
"4658","operations"
"4659","orchids"
"4660","caterpillars"
"4661","paellas"
"4662","landscapes"
"4663","strolls"
"4664","dreads"
"4665","farts"
"4666","hostels"
"4667","losses"
"4668","profiles"
"4669","nightmares"
"4670","foots"
"4671","flirtatious remarks"
"4672","swimming pools"
"4673","fullnesses"
"4674","poems"
"4675","gunpowders"
"4676","prejudices"
"4677","awards"
"4678","products"
"4679","provinces"
"4680","psychoses"
"4681","stabs"
"4682","pustules"
"4683","chemotherapies"
"4684","relationships"
"4685","relaxations"
"4686","relaxes"
"4687","revulsions"
"4688","breathings"
"4689","rivals"
"4690","thefts"
"4691","wheels"
"4692","wisdoms"
"4693","salaries"
"4694","bloods"
"4695","satisfactions"
"4696","saunas"
"4697","thirsts"
"4698","seductions"
"4699","jungles"
"4700","sensitivities"
"4701","separations"
"4702","serenities"
"4703","servitudes"
"4704","sexualities"
"4705","naps"
"4706","syphilises"
"4707","briberies"
"4708","solidarities"
"4709","sounds"
"4710","smiles"
"4711","surprises"
"4712","calms"
"4713","suspicions"
"4714","wages"
"4715","floors"
"4716","lucks"
"4717","sufferings"
"4718","improvements"
"4719","substances"
"4720","scares"
"4721","whisperings"
"4722","touches"
"4723","tasks"
"4724","theaters"
"4725","ceilings"
"4726","keys"
"4727","themes"
"4728","temperances"
"4729","tendernesses"
"4730","earthquakes"
"4731","terrorisms"
"4732","texts"
"4733","bells"
"4734","tyrannies"
"4735","torments"
"4736","treasons"
"4737","tranquilities"
"4738","fugitives"
"4739","disorders"
"4740","sadnesses"
"4741","pipelines"
"4742","deck chairs"
"4743","unions"
"4744","courages"
"4745","steams"
"4746","glasses"
"4747","vegetations"
"4748","summers"
"4749","shames"
"4750","yogas"
"4751","agudo"
"4752","aguda"
"4753","agudamente"
"4754","cierto"
"4755","cierta"
"4756","ciertamente"
"4757","colosal"
"4758","colosalmente"
"4759","profundo"
"4760","profunda"
"4761","profundamente"
"4762","definitivo"
"4763","definitiva"
"4764","definitivamente"
"4765","enorme"
"4766","enormemente"
"4767","extremo"
"4768","extrema"
"4769","extremado"
"4770","extremada"
"4771","extremadamente"
"4772","gran"
"4773","grande"
"4774","grandemente"
"4775","fuertemente"
"4776","fuerte"
"4777","alto"
"4778","alta"
"4779","altamente"
"4780","enorme"
"4781","enormemente"
"4782","inmenso"
"4783","inmensa"
"4784","inmensamente"
"4785","incalculable"
"4786","incalculablemente"
"4787","masivo"
"4788","masiva"
"4789","masivamente"
"4790","más"
"4791","particular"
"4792","particularmente"
"4793","a propósito"
"4794","deliberadamente"
"4795","muy"
"4796","real"
"4797","realmente"
"4798","grave"
"4799","gravemente"
"4800","severo"
"4801","severa"
"4802","severamente"
"4803","significativo"
"4804","significativa"
"4805","significativamente"
"4806","seguro"
"4807","segura"
"4808","seguramente"
"4809","verdadero"
"4810","verdadera"
"4811","verdaderamente"
"4812","vasto"
"4813","vasta"
"4814","vastamente"
"4815","mucho"
"4816","mucha"
"4817","agut"
"4818","aguda"
"4819","agudament"
"4820","cert"
"4821","certa"
"4822","certament"
"4823","colossal"
"4824","colossalment"
"4825","profund"
"4826","profunda"
"4827","profundament"
"4828","definitiu"
"4829","definitiva"
"4830","definitivament"
"4831","enorme"
"4832","enormement"
"4833","extrem"
"4834","extrema"
"4835","extremat"
"4836","extremada"
"4837","extremadament"
"4838","gran"
"4839","granment"
"4840","fortament"
"4841","forta"
"4842","fort"
"4843","alt"
"4844","alta"
"4845","altament"
"4846","enorme"
"4847","enormement"
"4848","immens"
"4849","immensa"
"4850","immensament"
"4851","incalculable"
"4852","incalculablement"
"4853","massiu"
"4854","massiva"
"4855","Massivament"
"4856","més"
"4857","particular"
"4858","particularment"
"4859","a propósit"
"4860","deliberadament"
"4861","molt"
"4862","real"
"4863","realment"
"4864","greu"
"4865","greument"
"4866","sever"
"4867","severa"
"4868","severament"
"4869","significatiu"
"4870","significativa"
"4871","significativament"
"4872","segur"
"4873","segura"
"4874","segurament"
"4875","de segur"
"4876","veritable"
"4877","veritablement"
"4878","vast"
"4879","vasta"
"4880","vastament"
"4881","molt"
"4882","molta"
"4883","acute"
"4884","acutely"
"4885","certain"
"4886","certainly"
"4887","colossal"
"4888","colossally"
"4889","deep"
"4890","deeply"
"4891","definite"
"4892","definitely"
"4893","enormous"
"4894","enormously"
"4895","extreme"
"4896","extremely"
"4897","great"
"4898","greatly"
"4899","heavily"
"4900","heavy"
"4901","high"
"4902","highly"
"4903","huge"
"4904","hugely"
"4905","immense"
"4906","immensely"
"4907","incalculable"
"4908","incalculably"
"4909","massive"
"4910","massively"
"4911","more"
"4912","particular"
"4913","particularly"
"4914","purpose"
"4915","purposely"
"4916","quite"
"4917","real"
"4918","really"
"4919","serious"
"4920","seriously"
"4921","severe"
"4922","severely"
"4923","significant"
"4924","significantly"
"4925","sure"
"4926","surely"
"4927","true"
"4928","truly"
"4929","vast"
"4930","vastly"
"4931","very"
"4932","apenas"
"4933","escasamente"
"4934","poco"
"4935","difícilmente"
"4936","escaso"
"4937","escasa"
"4938","solo"
"4939","raramente"
"4940","ligeramente"
"4941","poco"
"4942","poca"
"4943","esporádico"
"4944","esporádica"
"4945","esporádicamente"
"4946","muy_poco"
"4947","menos"
"4948","solamente"
"4949","tot_just"
"4950","escassament"
"4951","poc"
"4952","difícilment"
"4953","escàs"
"4954","escassa"
"4955","rarament"
"4956","lleugerament"
"4957","poc"
"4958","poca"
"4959","esporàdic"
"4960","esporàdica"
"4961","esporàdicament"
"4962","molt_poc"
"4963","menys"
"4964","només"
"4965","barely"
"4966","faintly"
"4967","few"
"4968","hardly"
"4969","little"
"4970","only"
"4971","rarely"
"4972","seldom"
"4973","slightly"
"4974","sparesly"
"4975","sporadically"
"4976","very few"
"4977","very little"
"4978","ni"
"4979","nunca"
"4980","no"
"4981","nadie"
"4982","nada"
"4983","ni"
"4984","mai"
"4985","no"
"4986","ningú"
"4987","cap"
"4988","pas"
"4989","gens"
"4990","ain't"
"4991","aren't"
"4992","can't"
"4993","couldn't"
"4994","didn't"
"4995","doesn't"
"4996","don't"
"4997","hasn't"
"4998","isn't"
"4999","mightn't"
"5000","mustn't"
"5001","neither"
"5002","never"
"5003","no"
"5004","nobody"
"5005","nor"
"5006","not"
"5007","shan't"
"5008","shouldn't"
"5009","wasn't"
"5010","weren't"
"5011","won't"
"5012","wouldn't"
